-- phpMyAdmin SQL Dump
-- version 5.2.1
-- https://www.phpmyadmin.net/
--
-- Host: 127.0.0.1
-- Generation Time: Maj 12, 2025 at 08:52 PM
-- Wersja serwera: 10.4.32-MariaDB
-- Wersja PHP: 8.2.12

SET SQL_MODE = "NO_AUTO_VALUE_ON_ZERO";
START TRANSACTION;
SET time_zone = "+00:00";


/*!40101 SET @OLD_CHARACTER_SET_CLIENT=@@CHARACTER_SET_CLIENT */;
/*!40101 SET @OLD_CHARACTER_SET_RESULTS=@@CHARACTER_SET_RESULTS */;
/*!40101 SET @OLD_COLLATION_CONNECTION=@@COLLATION_CONNECTION */;
/*!40101 SET NAMES utf8mb4 */;

--
-- Database: `szkola`
--

-- --------------------------------------------------------

--
-- Struktura tabeli dla tabeli `klasy`
--

CREATE TABLE `klasy` (
  `id` int(11) NOT NULL,
  `nazwa` varchar(10) NOT NULL,
  `rocznik` int(11) NOT NULL,
  `typ_szkoly_id` int(11) DEFAULT NULL
) ENGINE=InnoDB DEFAULT CHARSET=utf8mb4 COLLATE=utf8mb4_general_ci;

--
-- Dumping data for table `klasy`
--

INSERT INTO `klasy` (`id`, `nazwa`, `rocznik`, `typ_szkoly_id`) VALUES
(1, '1A', 2009, 1),
(2, '2A', 2008, 1),
(3, '3A', 2007, 1),
(4, '4A', 2006, 1),
(5, '1T', 2009, 2),
(6, '2T', 2008, 2),
(7, '3T', 2007, 2),
(8, '4T', 2006, 2),
(9, '5T', 2005, 2),
(10, '1a', 2017, 3),
(11, '2a', 2016, 3),
(12, '3a', 2015, 3),
(13, '4a', 2014, 3),
(14, '5a', 2013, 3),
(15, '6a', 2012, 3),
(16, '7a', 2011, 3),
(17, '8a', 2010, 3),
(18, 'Muchomorki', 2018, 4);

-- --------------------------------------------------------

--
-- Struktura tabeli dla tabeli `plan_lekcji`
--

CREATE TABLE `plan_lekcji` (
  `id` int(11) NOT NULL,
  `klasa_id` int(11) DEFAULT NULL,
  `przedmiot_id` int(11) DEFAULT NULL,
  `sala_id` int(11) DEFAULT NULL,
  `dzien_tygodnia` enum('Poniedzialek','Wtorek','Sroda','Czwartek','Piatek') NOT NULL,
  `godzina_start` time NOT NULL,
  `godzina_koniec` time NOT NULL
) ENGINE=InnoDB DEFAULT CHARSET=utf8mb4 COLLATE=utf8mb4_general_ci;

--
-- Dumping data for table `plan_lekcji`
--

INSERT INTO `plan_lekcji` (`id`, `klasa_id`, `przedmiot_id`, `sala_id`, `dzien_tygodnia`, `godzina_start`, `godzina_koniec`) VALUES
(1, 1, 1, 1, 'Poniedzialek', '07:10:00', '07:55:00'),
(2, 1, 4, 2, 'Poniedzialek', '08:05:00', '08:50:00'),
(3, 1, 2, 3, 'Poniedzialek', '09:00:00', '09:45:00'),
(4, 1, 9, 4, 'Poniedzialek', '09:55:00', '10:40:00'),
(5, 1, 12, 51, 'Poniedzialek', '10:50:00', '11:35:00'),
(6, 1, 5, 5, 'Poniedzialek', '11:45:00', '12:30:00'),
(7, 1, 6, 6, 'Poniedzialek', '12:40:00', '13:25:00'),
(8, 1, 4, 2, 'Wtorek', '07:10:00', '07:55:00'),
(9, 1, 3, 7, 'Wtorek', '08:05:00', '08:50:00'),
(10, 1, 7, 8, 'Wtorek', '09:00:00', '09:45:00'),
(11, 1, 10, 9, 'Wtorek', '09:55:00', '10:40:00'),
(12, 1, 1, 1, 'Wtorek', '10:50:00', '11:35:00'),
(13, 1, 12, 52, 'Wtorek', '11:45:00', '12:30:00'),
(14, 1, 2, 3, 'Wtorek', '12:40:00', '13:25:00'),
(15, 1, 9, 4, 'Sroda', '07:10:00', '07:55:00'),
(16, 1, 5, 5, 'Sroda', '08:05:00', '08:50:00'),
(17, 1, 8, 10, 'Sroda', '09:00:00', '09:45:00'),
(18, 1, 4, 2, 'Sroda', '09:55:00', '10:40:00'),
(19, 1, 14, 11, 'Sroda', '10:50:00', '11:35:00'),
(20, 1, 1, 1, 'Sroda', '11:45:00', '12:30:00'),
(21, 1, 15, 12, 'Sroda', '12:40:00', '13:25:00'),
(22, 1, 2, 3, 'Czwartek', '07:10:00', '07:55:00'),
(23, 1, 6, 6, 'Czwartek', '08:05:00', '08:50:00'),
(24, 1, 11, 13, 'Czwartek', '09:00:00', '09:45:00'),
(25, 1, 7, 8, 'Czwartek', '09:55:00', '10:40:00'),
(26, 1, 4, 2, 'Czwartek', '10:50:00', '11:35:00'),
(27, 1, 13, 14, 'Czwartek', '11:45:00', '12:30:00'),
(28, 1, 3, 7, 'Czwartek', '12:40:00', '13:25:00'),
(29, 1, 8, 10, 'Piatek', '07:10:00', '07:55:00'),
(30, 1, 10, 9, 'Piatek', '08:05:00', '08:50:00'),
(31, 1, 5, 5, 'Piatek', '09:00:00', '09:45:00'),
(32, 1, 1, 1, 'Piatek', '09:55:00', '10:40:00'),
(33, 1, 12, 51, 'Piatek', '10:50:00', '11:35:00'),
(34, 1, 2, 3, 'Piatek', '11:45:00', '12:30:00'),
(35, 1, 9, 4, 'Piatek', '12:40:00', '13:25:00'),
(36, 2, 1, 15, 'Poniedzialek', '07:10:00', '07:55:00'),
(37, 2, 4, 16, 'Poniedzialek', '08:05:00', '08:50:00'),
(38, 2, 2, 17, 'Poniedzialek', '09:00:00', '09:45:00'),
(39, 2, 9, 18, 'Poniedzialek', '09:55:00', '10:40:00'),
(40, 2, 12, 52, 'Poniedzialek', '10:50:00', '11:35:00'),
(41, 2, 5, 19, 'Poniedzialek', '11:45:00', '12:30:00'),
(42, 2, 6, 20, 'Poniedzialek', '12:40:00', '13:25:00'),
(43, 2, 4, 16, 'Wtorek', '07:10:00', '07:55:00'),
(44, 2, 3, 21, 'Wtorek', '08:05:00', '08:50:00'),
(45, 2, 7, 22, 'Wtorek', '09:00:00', '09:45:00'),
(46, 2, 10, 23, 'Wtorek', '09:55:00', '10:40:00'),
(47, 2, 1, 15, 'Wtorek', '10:50:00', '11:35:00'),
(48, 2, 12, 53, 'Wtorek', '11:45:00', '12:30:00'),
(49, 2, 2, 17, 'Wtorek', '12:40:00', '13:25:00'),
(50, 2, 9, 18, 'Sroda', '07:10:00', '07:55:00'),
(51, 2, 5, 19, 'Sroda', '08:05:00', '08:50:00'),
(52, 2, 8, 24, 'Sroda', '09:00:00', '09:45:00'),
(53, 2, 4, 16, 'Sroda', '09:55:00', '10:40:00'),
(54, 2, 14, 25, 'Sroda', '10:50:00', '11:35:00'),
(55, 2, 1, 15, 'Sroda', '11:45:00', '12:30:00'),
(56, 2, 15, 26, 'Sroda', '12:40:00', '13:25:00'),
(57, 2, 2, 17, 'Czwartek', '07:10:00', '07:55:00'),
(58, 2, 6, 20, 'Czwartek', '08:05:00', '08:50:00'),
(59, 2, 11, 27, 'Czwartek', '09:00:00', '09:45:00'),
(60, 2, 7, 22, 'Czwartek', '09:55:00', '10:40:00'),
(61, 2, 4, 16, 'Czwartek', '10:50:00', '11:35:00'),
(62, 2, 13, 28, 'Czwartek', '11:45:00', '12:30:00'),
(63, 2, 3, 21, 'Czwartek', '12:40:00', '13:25:00'),
(64, 2, 8, 24, 'Piatek', '07:10:00', '07:55:00'),
(65, 2, 10, 23, 'Piatek', '08:05:00', '08:50:00'),
(66, 2, 5, 19, 'Piatek', '09:00:00', '09:45:00'),
(67, 2, 1, 15, 'Piatek', '09:55:00', '10:40:00'),
(68, 2, 12, 52, 'Piatek', '10:50:00', '11:35:00'),
(69, 2, 2, 17, 'Piatek', '11:45:00', '12:30:00'),
(70, 2, 9, 18, 'Piatek', '12:40:00', '13:25:00'),
(71, 3, 1, 29, 'Poniedzialek', '07:10:00', '07:55:00'),
(72, 3, 4, 30, 'Poniedzialek', '08:05:00', '08:50:00'),
(73, 3, 2, 31, 'Poniedzialek', '09:00:00', '09:45:00'),
(74, 3, 9, 32, 'Poniedzialek', '09:55:00', '10:40:00'),
(75, 3, 12, 53, 'Poniedzialek', '10:50:00', '11:35:00'),
(76, 3, 5, 33, 'Poniedzialek', '11:45:00', '12:30:00'),
(77, 3, 6, 34, 'Poniedzialek', '12:40:00', '13:25:00'),
(78, 3, 4, 30, 'Wtorek', '07:10:00', '07:55:00'),
(79, 3, 3, 35, 'Wtorek', '08:05:00', '08:50:00'),
(80, 3, 7, 36, 'Wtorek', '09:00:00', '09:45:00'),
(81, 3, 10, 37, 'Wtorek', '09:55:00', '10:40:00'),
(82, 3, 1, 29, 'Wtorek', '10:50:00', '11:35:00'),
(83, 3, 12, 54, 'Wtorek', '11:45:00', '12:30:00'),
(84, 3, 2, 31, 'Wtorek', '12:40:00', '13:25:00'),
(85, 3, 9, 32, 'Sroda', '07:10:00', '07:55:00'),
(86, 3, 5, 33, 'Sroda', '08:05:00', '08:50:00'),
(87, 3, 8, 38, 'Sroda', '09:00:00', '09:45:00'),
(88, 3, 4, 30, 'Sroda', '09:55:00', '10:40:00'),
(89, 3, 14, 39, 'Sroda', '10:50:00', '11:35:00'),
(90, 3, 1, 29, 'Sroda', '11:45:00', '12:30:00'),
(91, 3, 15, 40, 'Sroda', '12:40:00', '13:25:00'),
(92, 3, 2, 31, 'Czwartek', '07:10:00', '07:55:00'),
(93, 3, 6, 34, 'Czwartek', '08:05:00', '08:50:00'),
(94, 3, 11, 41, 'Czwartek', '09:00:00', '09:45:00'),
(95, 3, 7, 36, 'Czwartek', '09:55:00', '10:40:00'),
(96, 3, 4, 30, 'Czwartek', '10:50:00', '11:35:00'),
(97, 3, 13, 42, 'Czwartek', '11:45:00', '12:30:00'),
(98, 3, 3, 35, 'Czwartek', '12:40:00', '13:25:00'),
(99, 3, 8, 38, 'Piatek', '07:10:00', '07:55:00'),
(100, 3, 10, 37, 'Piatek', '08:05:00', '08:50:00'),
(101, 3, 5, 33, 'Piatek', '09:00:00', '09:45:00'),
(102, 3, 1, 29, 'Piatek', '09:55:00', '10:40:00'),
(103, 3, 12, 53, 'Piatek', '10:50:00', '11:35:00'),
(104, 3, 2, 31, 'Piatek', '11:45:00', '12:30:00'),
(105, 3, 9, 32, 'Piatek', '12:40:00', '13:25:00'),
(106, 4, 1, 43, 'Poniedzialek', '07:10:00', '07:55:00'),
(107, 4, 4, 44, 'Poniedzialek', '08:05:00', '08:50:00'),
(108, 4, 2, 45, 'Poniedzialek', '09:00:00', '09:45:00'),
(109, 4, 9, 46, 'Poniedzialek', '09:55:00', '10:40:00'),
(110, 4, 12, 54, 'Poniedzialek', '10:50:00', '11:35:00'),
(111, 4, 5, 47, 'Poniedzialek', '11:45:00', '12:30:00'),
(112, 4, 6, 48, 'Poniedzialek', '12:40:00', '13:25:00'),
(113, 4, 4, 44, 'Wtorek', '07:10:00', '07:55:00'),
(114, 4, 3, 49, 'Wtorek', '08:05:00', '08:50:00'),
(115, 4, 7, 50, 'Wtorek', '09:00:00', '09:45:00'),
(116, 4, 10, 1, 'Wtorek', '09:55:00', '10:40:00'),
(117, 4, 1, 43, 'Wtorek', '10:50:00', '11:35:00'),
(118, 4, 12, 51, 'Wtorek', '11:45:00', '12:30:00'),
(119, 4, 2, 45, 'Wtorek', '12:40:00', '13:25:00'),
(120, 4, 9, 46, 'Sroda', '07:10:00', '07:55:00'),
(121, 4, 5, 47, 'Sroda', '08:05:00', '08:50:00'),
(122, 4, 8, 2, 'Sroda', '09:00:00', '09:45:00'),
(123, 4, 4, 44, 'Sroda', '09:55:00', '10:40:00'),
(124, 4, 14, 3, 'Sroda', '10:50:00', '11:35:00'),
(125, 4, 1, 43, 'Sroda', '11:45:00', '12:30:00'),
(126, 4, 15, 4, 'Sroda', '12:40:00', '13:25:00'),
(127, 4, 2, 45, 'Czwartek', '07:10:00', '07:55:00'),
(128, 4, 6, 48, 'Czwartek', '08:05:00', '08:50:00'),
(129, 4, 11, 5, 'Czwartek', '09:00:00', '09:45:00'),
(130, 4, 7, 50, 'Czwartek', '09:55:00', '10:40:00'),
(131, 4, 4, 44, 'Czwartek', '10:50:00', '11:35:00'),
(132, 4, 13, 6, 'Czwartek', '11:45:00', '12:30:00'),
(133, 4, 3, 49, 'Czwartek', '12:40:00', '13:25:00'),
(134, 4, 8, 2, 'Piatek', '07:10:00', '07:55:00'),
(135, 4, 10, 1, 'Piatek', '08:05:00', '08:50:00'),
(136, 4, 5, 47, 'Piatek', '09:00:00', '09:45:00'),
(137, 4, 1, 43, 'Piatek', '09:55:00', '10:40:00'),
(138, 4, 12, 52, 'Piatek', '10:50:00', '11:35:00'),
(139, 4, 2, 45, 'Piatek', '11:45:00', '12:30:00'),
(140, 4, 9, 46, 'Piatek', '12:40:00', '13:25:00'),
(148, 18, 18, 1, 'Poniedzialek', '07:10:00', '07:55:00'),
(149, 18, 18, 1, 'Poniedzialek', '08:05:00', '08:50:00'),
(150, 18, 2, 2, 'Poniedzialek', '09:00:00', '09:45:00'),
(151, 18, 18, 1, 'Poniedzialek', '09:55:00', '10:40:00'),
(152, 18, 18, 1, 'Poniedzialek', '10:50:00', '11:35:00'),
(153, 18, 18, 1, 'Poniedzialek', '11:45:00', '12:30:00'),
(154, 18, 18, 1, 'Poniedzialek', '12:40:00', '13:25:00'),
(155, 18, 18, 1, 'Wtorek', '07:10:00', '07:55:00'),
(156, 18, 18, 1, 'Wtorek', '08:05:00', '08:50:00'),
(157, 18, 18, 1, 'Wtorek', '09:00:00', '09:45:00'),
(158, 18, 18, 1, 'Wtorek', '09:55:00', '10:40:00'),
(159, 18, 18, 1, 'Wtorek', '10:50:00', '11:35:00'),
(160, 18, 18, 1, 'Wtorek', '11:45:00', '12:30:00'),
(161, 18, 18, 1, 'Wtorek', '12:40:00', '13:25:00'),
(162, 18, 18, 1, 'Sroda', '07:10:00', '07:55:00'),
(163, 18, 2, 2, 'Sroda', '08:05:00', '08:50:00'),
(164, 18, 18, 1, 'Sroda', '09:00:00', '09:45:00'),
(165, 18, 18, 1, 'Sroda', '09:55:00', '10:40:00'),
(166, 18, 18, 1, 'Sroda', '10:50:00', '11:35:00'),
(167, 18, 18, 1, 'Sroda', '11:45:00', '12:30:00'),
(168, 18, 18, 1, 'Sroda', '12:40:00', '13:25:00'),
(169, 18, 18, 1, 'Czwartek', '07:10:00', '07:55:00'),
(170, 18, 18, 1, 'Czwartek', '08:05:00', '08:50:00'),
(171, 18, 18, 1, 'Czwartek', '09:00:00', '09:45:00'),
(172, 18, 18, 1, 'Czwartek', '09:55:00', '10:40:00'),
(173, 18, 18, 1, 'Czwartek', '10:50:00', '11:35:00'),
(174, 18, 18, 1, 'Czwartek', '11:45:00', '12:30:00'),
(175, 18, 18, 1, 'Czwartek', '12:40:00', '13:25:00'),
(176, 18, 18, 1, 'Piatek', '07:10:00', '07:55:00'),
(177, 18, 18, 1, 'Piatek', '08:05:00', '08:50:00'),
(178, 18, 18, 1, 'Piatek', '09:00:00', '09:45:00'),
(179, 18, 18, 1, 'Piatek', '09:55:00', '10:40:00'),
(180, 18, 18, 1, 'Piatek', '10:50:00', '11:35:00'),
(181, 18, 18, 1, 'Piatek', '11:45:00', '12:30:00'),
(182, 18, 18, 1, 'Piatek', '12:40:00', '13:25:00'),
(183, 10, 18, 1, 'Poniedzialek', '07:10:00', '07:55:00'),
(184, 10, 18, 1, 'Poniedzialek', '08:05:00', '08:50:00'),
(185, 10, 2, 2, 'Poniedzialek', '09:00:00', '09:45:00'),
(186, 10, 18, 1, 'Poniedzialek', '09:55:00', '10:40:00'),
(187, 10, 25, 3, 'Poniedzialek', '10:50:00', '11:35:00'),
(188, 10, 12, 51, 'Poniedzialek', '11:45:00', '12:30:00'),
(189, 10, 18, 1, 'Poniedzialek', '12:40:00', '13:25:00'),
(190, 10, 18, 1, 'Wtorek', '07:10:00', '07:55:00'),
(191, 10, 18, 1, 'Wtorek', '08:05:00', '08:50:00'),
(192, 10, 24, 4, 'Wtorek', '09:00:00', '09:45:00'),
(193, 10, 18, 1, 'Wtorek', '09:55:00', '10:40:00'),
(194, 10, 18, 1, 'Wtorek', '10:50:00', '11:35:00'),
(195, 10, 12, 52, 'Wtorek', '11:45:00', '12:30:00'),
(196, 10, 18, 1, 'Wtorek', '12:40:00', '13:25:00'),
(197, 10, 18, 1, 'Sroda', '07:10:00', '07:55:00'),
(198, 10, 2, 2, 'Sroda', '08:05:00', '08:50:00'),
(199, 10, 18, 1, 'Sroda', '09:00:00', '09:45:00'),
(200, 10, 18, 1, 'Sroda', '09:55:00', '10:40:00'),
(201, 10, 25, 3, 'Sroda', '10:50:00', '11:35:00'),
(202, 10, 18, 1, 'Sroda', '11:45:00', '12:30:00'),
(203, 10, 14, 5, 'Sroda', '12:40:00', '13:25:00'),
(204, 10, 18, 1, 'Czwartek', '07:10:00', '07:55:00'),
(205, 10, 18, 1, 'Czwartek', '08:05:00', '08:50:00'),
(206, 10, 24, 4, 'Czwartek', '09:00:00', '09:45:00'),
(207, 10, 18, 1, 'Czwartek', '09:55:00', '10:40:00'),
(208, 10, 12, 53, 'Czwartek', '10:50:00', '11:35:00'),
(209, 10, 18, 1, 'Czwartek', '11:45:00', '12:30:00'),
(210, 10, 18, 1, 'Czwartek', '12:40:00', '13:25:00'),
(211, 10, 18, 1, 'Piatek', '07:10:00', '07:55:00'),
(212, 10, 18, 1, 'Piatek', '08:05:00', '08:50:00'),
(213, 10, 2, 2, 'Piatek', '09:00:00', '09:45:00'),
(214, 10, 18, 1, 'Piatek', '09:55:00', '10:40:00'),
(215, 10, 25, 3, 'Piatek', '10:50:00', '11:35:00'),
(216, 10, 18, 1, 'Piatek', '11:45:00', '12:30:00'),
(217, 10, 15, 6, 'Piatek', '12:40:00', '13:25:00'),
(218, 11, 18, 7, 'Poniedzialek', '07:10:00', '07:55:00'),
(219, 11, 18, 7, 'Poniedzialek', '08:05:00', '08:50:00'),
(220, 11, 2, 8, 'Poniedzialek', '09:00:00', '09:45:00'),
(221, 11, 18, 7, 'Poniedzialek', '09:55:00', '10:40:00'),
(222, 11, 25, 9, 'Poniedzialek', '10:50:00', '11:35:00'),
(223, 11, 12, 54, 'Poniedzialek', '11:45:00', '12:30:00'),
(224, 11, 18, 7, 'Poniedzialek', '12:40:00', '13:25:00'),
(225, 11, 18, 7, 'Wtorek', '07:10:00', '07:55:00'),
(226, 11, 18, 7, 'Wtorek', '08:05:00', '08:50:00'),
(227, 11, 24, 10, 'Wtorek', '09:00:00', '09:45:00'),
(228, 11, 18, 7, 'Wtorek', '09:55:00', '10:40:00'),
(229, 11, 18, 7, 'Wtorek', '10:50:00', '11:35:00'),
(230, 11, 12, 51, 'Wtorek', '11:45:00', '12:30:00'),
(231, 11, 18, 7, 'Wtorek', '12:40:00', '13:25:00'),
(232, 11, 18, 7, 'Sroda', '07:10:00', '07:55:00'),
(233, 11, 2, 8, 'Sroda', '08:05:00', '08:50:00'),
(234, 11, 18, 7, 'Sroda', '09:00:00', '09:45:00'),
(235, 11, 18, 7, 'Sroda', '09:55:00', '10:40:00'),
(236, 11, 25, 9, 'Sroda', '10:50:00', '11:35:00'),
(237, 11, 18, 7, 'Sroda', '11:45:00', '12:30:00'),
(238, 11, 14, 11, 'Sroda', '12:40:00', '13:25:00'),
(239, 11, 18, 7, 'Czwartek', '07:10:00', '07:55:00'),
(240, 11, 18, 7, 'Czwartek', '08:05:00', '08:50:00'),
(241, 11, 24, 10, 'Czwartek', '09:00:00', '09:45:00'),
(242, 11, 18, 7, 'Czwartek', '09:55:00', '10:40:00'),
(243, 11, 12, 52, 'Czwartek', '10:50:00', '11:35:00'),
(244, 11, 18, 7, 'Czwartek', '11:45:00', '12:30:00'),
(245, 11, 18, 7, 'Czwartek', '12:40:00', '13:25:00'),
(246, 11, 18, 7, 'Piatek', '07:10:00', '07:55:00'),
(247, 11, 18, 7, 'Piatek', '08:05:00', '08:50:00'),
(248, 11, 2, 8, 'Piatek', '09:00:00', '09:45:00'),
(249, 11, 18, 7, 'Piatek', '09:55:00', '10:40:00'),
(250, 11, 25, 9, 'Piatek', '10:50:00', '11:35:00'),
(251, 11, 18, 7, 'Piatek', '11:45:00', '12:30:00'),
(252, 11, 15, 12, 'Piatek', '12:40:00', '13:25:00'),
(253, 12, 18, 13, 'Poniedzialek', '07:10:00', '07:55:00'),
(254, 12, 18, 13, 'Poniedzialek', '08:05:00', '08:50:00'),
(255, 12, 2, 14, 'Poniedzialek', '09:00:00', '09:45:00'),
(256, 12, 18, 13, 'Poniedzialek', '09:55:00', '10:40:00'),
(257, 12, 25, 15, 'Poniedzialek', '10:50:00', '11:35:00'),
(258, 12, 12, 53, 'Poniedzialek', '11:45:00', '12:30:00'),
(259, 12, 18, 13, 'Poniedzialek', '12:40:00', '13:25:00'),
(260, 12, 18, 13, 'Wtorek', '07:10:00', '07:55:00'),
(261, 12, 18, 13, 'Wtorek', '08:05:00', '08:50:00'),
(262, 12, 24, 16, 'Wtorek', '09:00:00', '09:45:00'),
(263, 12, 18, 13, 'Wtorek', '09:55:00', '10:40:00'),
(264, 12, 18, 13, 'Wtorek', '10:50:00', '11:35:00'),
(265, 12, 12, 54, 'Wtorek', '11:45:00', '12:30:00'),
(266, 12, 18, 13, 'Wtorek', '12:40:00', '13:25:00'),
(267, 12, 18, 13, 'Sroda', '07:10:00', '07:55:00'),
(268, 12, 2, 14, 'Sroda', '08:05:00', '08:50:00'),
(269, 12, 18, 13, 'Sroda', '09:00:00', '09:45:00'),
(270, 12, 18, 13, 'Sroda', '09:55:00', '10:40:00'),
(271, 12, 25, 15, 'Sroda', '10:50:00', '11:35:00'),
(272, 12, 18, 13, 'Sroda', '11:45:00', '12:30:00'),
(273, 12, 14, 17, 'Sroda', '12:40:00', '13:25:00'),
(274, 12, 18, 13, 'Czwartek', '07:10:00', '07:55:00'),
(275, 12, 18, 13, 'Czwartek', '08:05:00', '08:50:00'),
(276, 12, 24, 16, 'Czwartek', '09:00:00', '09:45:00'),
(277, 12, 18, 13, 'Czwartek', '09:55:00', '10:40:00'),
(278, 12, 12, 51, 'Czwartek', '10:50:00', '11:35:00'),
(279, 12, 18, 13, 'Czwartek', '11:45:00', '12:30:00'),
(280, 12, 18, 13, 'Czwartek', '12:40:00', '13:25:00'),
(281, 12, 18, 13, 'Piatek', '07:10:00', '07:55:00'),
(282, 12, 18, 13, 'Piatek', '08:05:00', '08:50:00'),
(283, 12, 2, 14, 'Piatek', '09:00:00', '09:45:00'),
(284, 12, 18, 13, 'Piatek', '09:55:00', '10:40:00'),
(285, 12, 25, 15, 'Piatek', '10:50:00', '11:35:00'),
(286, 12, 18, 13, 'Piatek', '11:45:00', '12:30:00'),
(287, 12, 15, 18, 'Piatek', '12:40:00', '13:25:00'),
(288, 5, 16, 20, 'Poniedzialek', '07:10:00', '07:55:00'),
(289, 5, 4, 21, 'Poniedzialek', '08:05:00', '08:50:00'),
(290, 5, 2, 22, 'Poniedzialek', '09:00:00', '09:45:00'),
(291, 5, 16, 20, 'Poniedzialek', '09:55:00', '10:40:00'),
(292, 5, 12, 51, 'Poniedzialek', '10:50:00', '11:35:00'),
(293, 5, 1, 23, 'Poniedzialek', '11:45:00', '12:30:00'),
(294, 5, 5, 24, 'Poniedzialek', '12:40:00', '13:25:00'),
(295, 5, 4, 21, 'Wtorek', '07:10:00', '07:55:00'),
(296, 5, 3, 25, 'Wtorek', '08:05:00', '08:50:00'),
(297, 5, 7, 26, 'Wtorek', '09:00:00', '09:45:00'),
(298, 5, 10, 27, 'Wtorek', '09:55:00', '10:40:00'),
(299, 5, 16, 20, 'Wtorek', '10:50:00', '11:35:00'),
(300, 5, 12, 52, 'Wtorek', '11:45:00', '12:30:00'),
(301, 5, 2, 22, 'Wtorek', '12:40:00', '13:25:00'),
(302, 5, 16, 20, 'Sroda', '07:10:00', '07:55:00'),
(303, 5, 4, 21, 'Sroda', '08:05:00', '08:50:00'),
(304, 5, 2, 22, 'Sroda', '09:00:00', '09:45:00'),
(305, 5, 16, 20, 'Sroda', '09:55:00', '10:40:00'),
(306, 5, 12, 51, 'Sroda', '10:50:00', '11:35:00'),
(307, 5, 1, 23, 'Sroda', '11:45:00', '12:30:00'),
(308, 5, 5, 24, 'Sroda', '12:40:00', '13:25:00'),
(309, 5, 4, 21, 'Czwartek', '07:10:00', '07:55:00'),
(310, 5, 3, 25, 'Czwartek', '08:05:00', '08:50:00'),
(311, 5, 7, 26, 'Czwartek', '09:00:00', '09:45:00'),
(312, 5, 10, 27, 'Czwartek', '09:55:00', '10:40:00'),
(313, 5, 16, 20, 'Czwartek', '10:50:00', '11:35:00'),
(314, 5, 12, 52, 'Czwartek', '11:45:00', '12:30:00'),
(315, 5, 2, 22, 'Czwartek', '12:40:00', '13:25:00'),
(316, 5, 16, 20, 'Piatek', '07:10:00', '07:55:00'),
(317, 5, 4, 21, 'Piatek', '08:05:00', '08:50:00'),
(318, 5, 2, 22, 'Piatek', '09:00:00', '09:45:00'),
(319, 5, 16, 20, 'Piatek', '09:55:00', '10:40:00'),
(320, 5, 12, 51, 'Piatek', '10:50:00', '11:35:00'),
(321, 5, 1, 23, 'Piatek', '11:45:00', '12:30:00'),
(322, 5, 5, 24, 'Piatek', '12:40:00', '13:25:00'),
(323, 6, 16, 30, 'Poniedzialek', '07:10:00', '07:55:00'),
(324, 6, 4, 31, 'Poniedzialek', '08:05:00', '08:50:00'),
(325, 6, 2, 32, 'Poniedzialek', '09:00:00', '09:45:00'),
(326, 6, 16, 30, 'Poniedzialek', '09:55:00', '10:40:00'),
(327, 6, 12, 53, 'Poniedzialek', '10:50:00', '11:35:00'),
(328, 6, 1, 33, 'Poniedzialek', '11:45:00', '12:30:00'),
(329, 6, 5, 34, 'Poniedzialek', '12:40:00', '13:25:00'),
(330, 6, 4, 31, 'Wtorek', '07:10:00', '07:55:00'),
(331, 6, 3, 35, 'Wtorek', '08:05:00', '08:50:00'),
(332, 6, 7, 36, 'Wtorek', '09:00:00', '09:45:00'),
(333, 6, 10, 37, 'Wtorek', '09:55:00', '10:40:00'),
(334, 6, 16, 30, 'Wtorek', '10:50:00', '11:35:00'),
(335, 6, 12, 54, 'Wtorek', '11:45:00', '12:30:00'),
(336, 6, 2, 32, 'Wtorek', '12:40:00', '13:25:00'),
(337, 6, 16, 30, 'Sroda', '07:10:00', '07:55:00'),
(338, 6, 4, 31, 'Sroda', '08:05:00', '08:50:00'),
(339, 6, 2, 32, 'Sroda', '09:00:00', '09:45:00'),
(340, 6, 16, 30, 'Sroda', '09:55:00', '10:40:00'),
(341, 6, 12, 53, 'Sroda', '10:50:00', '11:35:00'),
(342, 6, 1, 33, 'Sroda', '11:45:00', '12:30:00'),
(343, 6, 5, 34, 'Sroda', '12:40:00', '13:25:00'),
(344, 6, 4, 31, 'Czwartek', '07:10:00', '07:55:00'),
(345, 6, 3, 35, 'Czwartek', '08:05:00', '08:50:00'),
(346, 6, 7, 36, 'Czwartek', '09:00:00', '09:45:00'),
(347, 6, 10, 37, 'Czwartek', '09:55:00', '10:40:00'),
(348, 6, 16, 30, 'Czwartek', '10:50:00', '11:35:00'),
(349, 6, 12, 54, 'Czwartek', '11:45:00', '12:30:00'),
(350, 6, 2, 32, 'Czwartek', '12:40:00', '13:25:00'),
(351, 6, 16, 30, 'Piatek', '07:10:00', '07:55:00'),
(352, 6, 4, 31, 'Piatek', '08:05:00', '08:50:00'),
(353, 6, 2, 32, 'Piatek', '09:00:00', '09:45:00'),
(354, 6, 16, 30, 'Piatek', '09:55:00', '10:40:00'),
(355, 6, 12, 53, 'Piatek', '10:50:00', '11:35:00'),
(356, 6, 1, 33, 'Piatek', '11:45:00', '12:30:00'),
(357, 6, 5, 34, 'Piatek', '12:40:00', '13:25:00'),
(358, 7, 16, 40, 'Poniedzialek', '07:10:00', '07:55:00'),
(359, 7, 4, 41, 'Poniedzialek', '08:05:00', '08:50:00'),
(360, 7, 2, 42, 'Poniedzialek', '09:00:00', '09:45:00'),
(361, 7, 17, 43, 'Poniedzialek', '09:55:00', '10:40:00'),
(362, 7, 12, 51, 'Poniedzialek', '10:50:00', '11:35:00'),
(363, 7, 1, 44, 'Poniedzialek', '11:45:00', '12:30:00'),
(364, 7, 5, 45, 'Poniedzialek', '12:40:00', '13:25:00'),
(365, 7, 4, 41, 'Wtorek', '07:10:00', '07:55:00'),
(366, 7, 3, 46, 'Wtorek', '08:05:00', '08:50:00'),
(367, 7, 7, 47, 'Wtorek', '09:00:00', '09:45:00'),
(368, 7, 10, 48, 'Wtorek', '09:55:00', '10:40:00'),
(369, 7, 16, 40, 'Wtorek', '10:50:00', '11:35:00'),
(370, 7, 12, 52, 'Wtorek', '11:45:00', '12:30:00'),
(371, 7, 2, 42, 'Wtorek', '12:40:00', '13:25:00'),
(372, 7, 16, 40, 'Sroda', '07:10:00', '07:55:00'),
(373, 7, 4, 41, 'Sroda', '08:05:00', '08:50:00'),
(374, 7, 2, 42, 'Sroda', '09:00:00', '09:45:00'),
(375, 7, 17, 43, 'Sroda', '09:55:00', '10:40:00'),
(376, 7, 12, 51, 'Sroda', '10:50:00', '11:35:00'),
(377, 7, 1, 44, 'Sroda', '11:45:00', '12:30:00'),
(378, 7, 5, 45, 'Sroda', '12:40:00', '13:25:00'),
(379, 7, 4, 41, 'Czwartek', '07:10:00', '07:55:00'),
(380, 7, 3, 46, 'Czwartek', '08:05:00', '08:50:00'),
(381, 7, 7, 47, 'Czwartek', '09:00:00', '09:45:00'),
(382, 7, 10, 48, 'Czwartek', '09:55:00', '10:40:00'),
(383, 7, 16, 40, 'Czwartek', '10:50:00', '11:35:00'),
(384, 7, 12, 52, 'Czwartek', '11:45:00', '12:30:00'),
(385, 7, 2, 42, 'Czwartek', '12:40:00', '13:25:00'),
(386, 7, 16, 40, 'Piatek', '07:10:00', '07:55:00'),
(387, 7, 4, 41, 'Piatek', '08:05:00', '08:50:00'),
(388, 7, 2, 42, 'Piatek', '09:00:00', '09:45:00'),
(389, 7, 17, 43, 'Piatek', '09:55:00', '10:40:00'),
(390, 7, 12, 51, 'Piatek', '10:50:00', '11:35:00'),
(391, 7, 1, 44, 'Piatek', '11:45:00', '12:30:00'),
(392, 7, 5, 45, 'Piatek', '12:40:00', '13:25:00'),
(393, 8, 16, 50, 'Poniedzialek', '07:10:00', '07:55:00'),
(394, 8, 4, 11, 'Poniedzialek', '08:05:00', '08:50:00'),
(395, 8, 2, 12, 'Poniedzialek', '09:00:00', '09:45:00'),
(396, 8, 17, 13, 'Poniedzialek', '09:55:00', '10:40:00'),
(397, 8, 12, 53, 'Poniedzialek', '10:50:00', '11:35:00'),
(398, 8, 1, 14, 'Poniedzialek', '11:45:00', '12:30:00'),
(399, 8, 5, 15, 'Poniedzialek', '12:40:00', '13:25:00'),
(400, 8, 16, 50, 'Wtorek', '07:10:00', '07:55:00'),
(401, 8, 4, 11, 'Wtorek', '08:05:00', '08:50:00'),
(402, 8, 2, 12, 'Wtorek', '09:00:00', '09:45:00'),
(403, 8, 17, 13, 'Wtorek', '09:55:00', '10:40:00'),
(404, 8, 12, 53, 'Wtorek', '10:50:00', '11:35:00'),
(405, 8, 1, 14, 'Wtorek', '11:45:00', '12:30:00'),
(406, 8, 5, 15, 'Wtorek', '12:40:00', '13:25:00'),
(407, 8, 16, 50, 'Sroda', '07:10:00', '07:55:00'),
(408, 8, 4, 11, 'Sroda', '08:05:00', '08:50:00'),
(409, 8, 2, 12, 'Sroda', '09:00:00', '09:45:00'),
(410, 8, 17, 13, 'Sroda', '09:55:00', '10:40:00'),
(411, 8, 12, 53, 'Sroda', '10:50:00', '11:35:00'),
(412, 8, 1, 14, 'Sroda', '11:45:00', '12:30:00'),
(413, 8, 5, 15, 'Sroda', '12:40:00', '13:25:00'),
(414, 8, 16, 50, 'Czwartek', '07:10:00', '07:55:00'),
(415, 8, 4, 11, 'Czwartek', '08:05:00', '08:50:00'),
(416, 8, 2, 12, 'Czwartek', '09:00:00', '09:45:00'),
(417, 8, 17, 13, 'Czwartek', '09:55:00', '10:40:00'),
(418, 8, 12, 53, 'Czwartek', '10:50:00', '11:35:00'),
(419, 8, 1, 14, 'Czwartek', '11:45:00', '12:30:00'),
(420, 8, 5, 15, 'Czwartek', '12:40:00', '13:25:00'),
(421, 8, 16, 50, 'Piatek', '07:10:00', '07:55:00'),
(422, 8, 4, 11, 'Piatek', '08:05:00', '08:50:00'),
(423, 8, 2, 12, 'Piatek', '09:00:00', '09:45:00'),
(424, 8, 17, 13, 'Piatek', '09:55:00', '10:40:00'),
(425, 8, 12, 53, 'Piatek', '10:50:00', '11:35:00'),
(426, 8, 1, 14, 'Piatek', '11:45:00', '12:30:00'),
(427, 8, 5, 15, 'Piatek', '12:40:00', '13:25:00'),
(435, 9, 16, 50, 'Poniedzialek', '07:10:00', '07:55:00'),
(436, 9, 4, 16, 'Poniedzialek', '08:05:00', '08:50:00'),
(437, 9, 2, 17, 'Poniedzialek', '09:00:00', '09:45:00'),
(438, 9, 17, 18, 'Poniedzialek', '09:55:00', '10:40:00'),
(439, 9, 12, 54, 'Poniedzialek', '10:50:00', '11:35:00'),
(440, 9, 1, 19, 'Poniedzialek', '11:45:00', '12:30:00'),
(441, 9, 5, 20, 'Poniedzialek', '12:40:00', '13:25:00'),
(442, 9, 16, 50, 'Wtorek', '07:10:00', '07:55:00'),
(443, 9, 4, 16, 'Wtorek', '08:05:00', '08:50:00'),
(444, 9, 2, 17, 'Wtorek', '09:00:00', '09:45:00'),
(445, 9, 17, 18, 'Wtorek', '09:55:00', '10:40:00'),
(446, 9, 12, 54, 'Wtorek', '10:50:00', '11:35:00'),
(447, 9, 1, 19, 'Wtorek', '11:45:00', '12:30:00'),
(448, 9, 5, 20, 'Wtorek', '12:40:00', '13:25:00'),
(449, 9, 16, 50, 'Sroda', '07:10:00', '07:55:00'),
(450, 9, 4, 16, 'Sroda', '08:05:00', '08:50:00'),
(451, 9, 2, 17, 'Sroda', '09:00:00', '09:45:00'),
(452, 9, 17, 18, 'Sroda', '09:55:00', '10:40:00'),
(453, 9, 12, 54, 'Sroda', '10:50:00', '11:35:00'),
(454, 9, 1, 19, 'Sroda', '11:45:00', '12:30:00'),
(455, 9, 5, 20, 'Sroda', '12:40:00', '13:25:00'),
(456, 9, 16, 50, 'Czwartek', '07:10:00', '07:55:00'),
(457, 9, 4, 16, 'Czwartek', '08:05:00', '08:50:00'),
(458, 9, 2, 17, 'Czwartek', '09:00:00', '09:45:00'),
(459, 9, 17, 18, 'Czwartek', '09:55:00', '10:40:00'),
(460, 9, 12, 54, 'Czwartek', '10:50:00', '11:35:00'),
(461, 9, 1, 19, 'Czwartek', '11:45:00', '12:30:00'),
(462, 9, 5, 20, 'Czwartek', '12:40:00', '13:25:00'),
(463, 9, 16, 50, 'Piatek', '07:10:00', '07:55:00'),
(464, 9, 4, 16, 'Piatek', '08:05:00', '08:50:00'),
(465, 9, 2, 17, 'Piatek', '09:00:00', '09:45:00'),
(466, 9, 17, 18, 'Piatek', '09:55:00', '10:40:00'),
(467, 9, 12, 54, 'Piatek', '10:50:00', '11:35:00'),
(468, 9, 1, 19, 'Piatek', '11:45:00', '12:30:00'),
(469, 9, 5, 20, 'Piatek', '12:40:00', '13:25:00'),
(470, 13, 1, 1, 'Poniedzialek', '07:10:00', '07:55:00'),
(471, 13, 4, 2, 'Poniedzialek', '08:05:00', '08:50:00'),
(472, 13, 2, 3, 'Poniedzialek', '09:00:00', '09:45:00'),
(473, 13, 19, 4, 'Poniedzialek', '09:55:00', '10:40:00'),
(474, 13, 12, 51, 'Poniedzialek', '10:50:00', '11:35:00'),
(475, 13, 24, 5, 'Poniedzialek', '11:45:00', '12:30:00'),
(476, 13, 25, 6, 'Poniedzialek', '12:40:00', '13:25:00'),
(477, 13, 4, 2, 'Wtorek', '07:10:00', '07:55:00'),
(478, 13, 2, 3, 'Wtorek', '08:05:00', '08:50:00'),
(479, 13, 1, 1, 'Wtorek', '09:00:00', '09:45:00'),
(480, 13, 19, 4, 'Wtorek', '09:55:00', '10:40:00'),
(481, 13, 11, 7, 'Wtorek', '10:50:00', '11:35:00'),
(482, 13, 14, 8, 'Wtorek', '11:45:00', '12:30:00'),
(483, 13, 12, 52, 'Wtorek', '12:40:00', '13:25:00'),
(484, 13, 9, 9, 'Sroda', '07:10:00', '07:55:00'),
(485, 13, 4, 2, 'Sroda', '08:05:00', '08:50:00'),
(486, 13, 2, 3, 'Sroda', '09:00:00', '09:45:00'),
(487, 13, 1, 1, 'Sroda', '09:55:00', '10:40:00'),
(488, 13, 25, 6, 'Sroda', '10:50:00', '11:35:00'),
(489, 13, 24, 5, 'Sroda', '11:45:00', '12:30:00'),
(490, 13, 15, 10, 'Sroda', '12:40:00', '13:25:00'),
(491, 13, 1, 1, 'Czwartek', '07:10:00', '07:55:00'),
(492, 13, 4, 2, 'Czwartek', '08:05:00', '08:50:00'),
(493, 13, 2, 3, 'Czwartek', '09:00:00', '09:45:00'),
(494, 13, 19, 4, 'Czwartek', '09:55:00', '10:40:00'),
(495, 13, 11, 7, 'Czwartek', '10:50:00', '11:35:00'),
(496, 13, 12, 53, 'Czwartek', '11:45:00', '12:30:00'),
(497, 13, 9, 9, 'Czwartek', '12:40:00', '13:25:00'),
(498, 13, 4, 2, 'Piatek', '07:10:00', '07:55:00'),
(499, 13, 2, 3, 'Piatek', '08:05:00', '08:50:00'),
(500, 13, 1, 1, 'Piatek', '09:00:00', '09:45:00'),
(501, 13, 25, 6, 'Piatek', '09:55:00', '10:40:00'),
(502, 13, 24, 5, 'Piatek', '10:50:00', '11:35:00'),
(503, 13, 12, 54, 'Piatek', '11:45:00', '12:30:00'),
(504, 13, 14, 8, 'Piatek', '12:40:00', '13:25:00'),
(505, 14, 1, 11, 'Poniedzialek', '07:10:00', '07:55:00'),
(506, 14, 4, 12, 'Poniedzialek', '08:05:00', '08:50:00'),
(507, 14, 2, 13, 'Poniedzialek', '09:00:00', '09:45:00'),
(508, 14, 8, 14, 'Poniedzialek', '09:55:00', '10:40:00'),
(509, 14, 12, 51, 'Poniedzialek', '10:50:00', '11:35:00'),
(510, 14, 7, 15, 'Poniedzialek', '11:45:00', '12:30:00'),
(511, 14, 9, 16, 'Poniedzialek', '12:40:00', '13:25:00'),
(512, 14, 4, 12, 'Wtorek', '07:10:00', '07:55:00'),
(513, 14, 2, 13, 'Wtorek', '08:05:00', '08:50:00'),
(514, 14, 1, 11, 'Wtorek', '09:00:00', '09:45:00'),
(515, 14, 11, 17, 'Wtorek', '09:55:00', '10:40:00'),
(516, 14, 14, 18, 'Wtorek', '10:50:00', '11:35:00'),
(517, 14, 12, 52, 'Wtorek', '11:45:00', '12:30:00'),
(518, 14, 25, 19, 'Wtorek', '12:40:00', '13:25:00'),
(519, 14, 9, 16, 'Sroda', '07:10:00', '07:55:00'),
(520, 14, 4, 12, 'Sroda', '08:05:00', '08:50:00'),
(521, 14, 2, 13, 'Sroda', '09:00:00', '09:45:00'),
(522, 14, 1, 11, 'Sroda', '09:55:00', '10:40:00'),
(523, 14, 8, 14, 'Sroda', '10:50:00', '11:35:00'),
(524, 14, 24, 20, 'Sroda', '11:45:00', '12:30:00'),
(525, 14, 15, 21, 'Sroda', '12:40:00', '13:25:00'),
(526, 14, 1, 11, 'Czwartek', '07:10:00', '07:55:00'),
(527, 14, 4, 12, 'Czwartek', '08:05:00', '08:50:00'),
(528, 14, 2, 13, 'Czwartek', '09:00:00', '09:45:00'),
(529, 14, 7, 15, 'Czwartek', '09:55:00', '10:40:00'),
(530, 14, 11, 17, 'Czwartek', '10:50:00', '11:35:00'),
(531, 14, 12, 53, 'Czwartek', '11:45:00', '12:30:00'),
(532, 14, 25, 19, 'Czwartek', '12:40:00', '13:25:00'),
(533, 14, 4, 12, 'Piatek', '07:10:00', '07:55:00'),
(534, 14, 2, 13, 'Piatek', '08:05:00', '08:50:00'),
(535, 14, 1, 11, 'Piatek', '09:00:00', '09:45:00'),
(536, 14, 24, 20, 'Piatek', '09:55:00', '10:40:00'),
(537, 14, 14, 18, 'Piatek', '10:50:00', '11:35:00'),
(538, 14, 12, 54, 'Piatek', '11:45:00', '12:30:00'),
(539, 14, 9, 16, 'Piatek', '12:40:00', '13:25:00'),
(540, 15, 1, 21, 'Poniedzialek', '07:10:00', '07:55:00'),
(541, 15, 4, 22, 'Poniedzialek', '08:05:00', '08:50:00'),
(542, 15, 2, 23, 'Poniedzialek', '09:00:00', '09:45:00'),
(543, 15, 7, 24, 'Poniedzialek', '09:55:00', '10:40:00'),
(544, 15, 12, 51, 'Poniedzialek', '10:50:00', '11:35:00'),
(545, 15, 8, 25, 'Poniedzialek', '11:45:00', '12:30:00'),
(546, 15, 9, 26, 'Poniedzialek', '12:40:00', '13:25:00'),
(547, 15, 4, 22, 'Wtorek', '07:10:00', '07:55:00'),
(548, 15, 2, 23, 'Wtorek', '08:05:00', '08:50:00'),
(549, 15, 1, 21, 'Wtorek', '09:00:00', '09:45:00'),
(550, 15, 11, 27, 'Wtorek', '09:55:00', '10:40:00'),
(551, 15, 14, 28, 'Wtorek', '10:50:00', '11:35:00'),
(552, 15, 12, 52, 'Wtorek', '11:45:00', '12:30:00'),
(553, 15, 24, 29, 'Wtorek', '12:40:00', '13:25:00'),
(554, 15, 9, 26, 'Sroda', '07:10:00', '07:55:00'),
(555, 15, 4, 22, 'Sroda', '08:05:00', '08:50:00'),
(556, 15, 2, 23, 'Sroda', '09:00:00', '09:45:00'),
(557, 15, 1, 21, 'Sroda', '09:55:00', '10:40:00'),
(558, 15, 7, 24, 'Sroda', '10:50:00', '11:35:00'),
(559, 15, 25, 30, 'Sroda', '11:45:00', '12:30:00'),
(560, 15, 15, 31, 'Sroda', '12:40:00', '13:25:00'),
(561, 15, 1, 21, 'Czwartek', '07:10:00', '07:55:00'),
(562, 15, 4, 22, 'Czwartek', '08:05:00', '08:50:00'),
(563, 15, 2, 23, 'Czwartek', '09:00:00', '09:45:00'),
(564, 15, 8, 25, 'Czwartek', '09:55:00', '10:40:00'),
(565, 15, 11, 27, 'Czwartek', '10:50:00', '11:35:00'),
(566, 15, 12, 53, 'Czwartek', '11:45:00', '12:30:00'),
(567, 15, 24, 29, 'Czwartek', '12:40:00', '13:25:00'),
(568, 15, 4, 22, 'Piatek', '07:10:00', '07:55:00'),
(569, 15, 2, 23, 'Piatek', '08:05:00', '08:50:00'),
(570, 15, 1, 21, 'Piatek', '09:00:00', '09:45:00'),
(571, 15, 25, 30, 'Piatek', '09:55:00', '10:40:00'),
(572, 15, 14, 28, 'Piatek', '10:50:00', '11:35:00'),
(573, 15, 12, 54, 'Piatek', '11:45:00', '12:30:00'),
(574, 15, 9, 26, 'Piatek', '12:40:00', '13:25:00'),
(575, 16, 1, 32, 'Poniedzialek', '07:10:00', '07:55:00'),
(576, 16, 4, 33, 'Poniedzialek', '08:05:00', '08:50:00'),
(577, 16, 2, 34, 'Poniedzialek', '09:00:00', '09:45:00'),
(578, 16, 7, 35, 'Poniedzialek', '09:55:00', '10:40:00'),
(579, 16, 12, 51, 'Poniedzialek', '10:50:00', '11:35:00'),
(580, 16, 8, 36, 'Poniedzialek', '11:45:00', '12:30:00'),
(581, 16, 9, 37, 'Poniedzialek', '12:40:00', '13:25:00'),
(582, 16, 4, 33, 'Wtorek', '07:10:00', '07:55:00'),
(583, 16, 2, 34, 'Wtorek', '08:05:00', '08:50:00'),
(584, 16, 1, 32, 'Wtorek', '09:00:00', '09:45:00'),
(585, 16, 11, 38, 'Wtorek', '09:55:00', '10:40:00'),
(586, 16, 5, 39, 'Wtorek', '10:50:00', '11:35:00'),
(587, 16, 12, 52, 'Wtorek', '11:45:00', '12:30:00'),
(588, 16, 14, 40, 'Wtorek', '12:40:00', '13:25:00'),
(589, 16, 9, 37, 'Sroda', '07:10:00', '07:55:00'),
(590, 16, 4, 33, 'Sroda', '08:05:00', '08:50:00'),
(591, 16, 2, 34, 'Sroda', '09:00:00', '09:45:00'),
(592, 16, 1, 32, 'Sroda', '09:55:00', '10:40:00'),
(593, 16, 6, 41, 'Sroda', '10:50:00', '11:35:00'),
(594, 16, 10, 42, 'Sroda', '11:45:00', '12:30:00'),
(595, 16, 15, 43, 'Sroda', '12:40:00', '13:25:00'),
(596, 16, 1, 32, 'Czwartek', '07:10:00', '07:55:00'),
(597, 16, 4, 33, 'Czwartek', '08:05:00', '08:50:00'),
(598, 16, 2, 34, 'Czwartek', '09:00:00', '09:45:00'),
(599, 16, 8, 36, 'Czwartek', '09:55:00', '10:40:00'),
(600, 16, 11, 38, 'Czwartek', '10:50:00', '11:35:00'),
(601, 16, 12, 53, 'Czwartek', '11:45:00', '12:30:00'),
(602, 16, 7, 35, 'Czwartek', '12:40:00', '13:25:00'),
(603, 16, 4, 33, 'Piatek', '07:10:00', '07:55:00'),
(604, 16, 2, 34, 'Piatek', '08:05:00', '08:50:00'),
(605, 16, 1, 32, 'Piatek', '09:00:00', '09:45:00'),
(606, 16, 5, 39, 'Piatek', '09:55:00', '10:40:00'),
(607, 16, 13, 44, 'Piatek', '10:50:00', '11:35:00'),
(608, 16, 12, 54, 'Piatek', '11:45:00', '12:30:00'),
(609, 16, 24, 45, 'Piatek', '12:40:00', '13:25:00'),
(610, 17, 1, 46, 'Poniedzialek', '07:10:00', '07:55:00'),
(611, 17, 4, 47, 'Poniedzialek', '08:05:00', '08:50:00'),
(612, 17, 2, 48, 'Poniedzialek', '09:00:00', '09:45:00'),
(613, 17, 7, 49, 'Poniedzialek', '09:55:00', '10:40:00'),
(614, 17, 12, 51, 'Poniedzialek', '10:50:00', '11:35:00'),
(615, 17, 8, 50, 'Poniedzialek', '11:45:00', '12:30:00'),
(616, 17, 9, 37, 'Poniedzialek', '12:40:00', '13:25:00'),
(617, 17, 4, 47, 'Wtorek', '07:10:00', '07:55:00'),
(618, 17, 2, 48, 'Wtorek', '08:05:00', '08:50:00'),
(619, 17, 1, 46, 'Wtorek', '09:00:00', '09:45:00'),
(620, 17, 11, 38, 'Wtorek', '09:55:00', '10:40:00'),
(621, 17, 5, 39, 'Wtorek', '10:50:00', '11:35:00'),
(622, 17, 12, 52, 'Wtorek', '11:45:00', '12:30:00'),
(623, 17, 14, 40, 'Wtorek', '12:40:00', '13:25:00'),
(624, 17, 9, 37, 'Sroda', '07:10:00', '07:55:00'),
(625, 17, 4, 47, 'Sroda', '08:05:00', '08:50:00'),
(626, 17, 2, 48, 'Sroda', '09:00:00', '09:45:00'),
(627, 17, 1, 46, 'Sroda', '09:55:00', '10:40:00'),
(628, 17, 6, 41, 'Sroda', '10:50:00', '11:35:00'),
(629, 17, 10, 42, 'Sroda', '11:45:00', '12:30:00'),
(630, 17, 15, 43, 'Sroda', '12:40:00', '13:25:00'),
(631, 17, 1, 46, 'Czwartek', '07:10:00', '07:55:00'),
(632, 17, 4, 47, 'Czwartek', '08:05:00', '08:50:00'),
(633, 17, 2, 48, 'Czwartek', '09:00:00', '09:45:00'),
(634, 17, 8, 50, 'Czwartek', '09:55:00', '10:40:00'),
(635, 17, 11, 38, 'Czwartek', '10:50:00', '11:35:00'),
(636, 17, 12, 53, 'Czwartek', '11:45:00', '12:30:00'),
(637, 17, 7, 49, 'Czwartek', '12:40:00', '13:25:00'),
(638, 17, 4, 47, 'Piatek', '07:10:00', '07:55:00'),
(639, 17, 2, 48, 'Piatek', '08:05:00', '08:50:00'),
(640, 17, 1, 46, 'Piatek', '09:00:00', '09:45:00'),
(641, 17, 5, 39, 'Piatek', '09:55:00', '10:40:00'),
(642, 17, 13, 44, 'Piatek', '10:50:00', '11:35:00'),
(643, 17, 12, 54, 'Piatek', '11:45:00', '12:30:00'),
(644, 17, 25, 45, 'Piatek', '12:40:00', '13:25:00');

-- --------------------------------------------------------

--
-- Struktura tabeli dla tabeli `przedmioty`
--

CREATE TABLE `przedmioty` (
  `id` int(11) NOT NULL,
  `nazwa` varchar(100) NOT NULL
) ENGINE=InnoDB DEFAULT CHARSET=utf8mb4 COLLATE=utf8mb4_general_ci;

--
-- Dumping data for table `przedmioty`
--

INSERT INTO `przedmioty` (`id`, `nazwa`) VALUES
(1, 'Język polski'),
(2, 'Język angielski'),
(3, 'Język niemiecki'),
(4, 'Matematyka'),
(5, 'Fizyka'),
(6, 'Chemia'),
(7, 'Biologia'),
(8, 'Geografia'),
(9, 'Historia'),
(10, 'Wiedza o społeczeństwie'),
(11, 'Informatyka'),
(12, 'Wychowanie fizyczne'),
(13, 'Edukacja dla bezpieczeństwa'),
(14, 'Religia'),
(15, 'Godzina wychowawcza'),
(16, 'Przedmioty zawodowe'),
(17, 'Praktyki zawodowe'),
(18, 'Edukacja wczesnoszkolna'),
(19, 'Przyroda'),
(20, 'Historia'),
(21, 'Geografia'),
(22, 'Biologia'),
(23, 'Informatyka'),
(24, 'Plastyka'),
(25, 'Muzyka'),
(26, 'Technika'),
(27, 'Zajęcia przedszkolne'),
(28, 'Logopedia'),
(29, 'Rytmika');

-- --------------------------------------------------------

--
-- Struktura tabeli dla tabeli `sale`
--

CREATE TABLE `sale` (
  `id` int(11) NOT NULL,
  `numer` varchar(10) NOT NULL
) ENGINE=InnoDB DEFAULT CHARSET=utf8mb4 COLLATE=utf8mb4_general_ci;

--
-- Dumping data for table `sale`
--

INSERT INTO `sale` (`id`, `numer`) VALUES
(1, '1'),
(2, '2'),
(3, '3'),
(4, '4'),
(5, '5'),
(6, '6'),
(7, '7'),
(8, '8'),
(9, '9'),
(10, '10'),
(11, '11'),
(12, '12'),
(13, '13'),
(14, '14'),
(15, '15'),
(16, '16'),
(17, '17'),
(18, '18'),
(19, '19'),
(20, '20'),
(21, '21'),
(22, '22'),
(23, '23'),
(24, '24'),
(25, '25'),
(26, '26'),
(27, '27'),
(28, '28'),
(29, '29'),
(30, '30'),
(31, '31'),
(32, '32'),
(33, '33'),
(34, '34'),
(35, '35'),
(36, '36'),
(37, '37'),
(38, '38'),
(39, '39'),
(40, '40'),
(41, '41'),
(42, '42'),
(43, '43'),
(44, '44'),
(45, '45'),
(46, '46'),
(47, '47'),
(48, '48'),
(49, '49'),
(50, '50'),
(51, '1wf'),
(52, '2wf'),
(53, '3wf'),
(54, '4wf'),
(55, '5wf');

-- --------------------------------------------------------

--
-- Struktura tabeli dla tabeli `typy_szkol`
--

CREATE TABLE `typy_szkol` (
  `id` int(11) NOT NULL,
  `nazwa` enum('Liceum','Technikum','Szkola Podstawowa','Przedszkole') NOT NULL
) ENGINE=InnoDB DEFAULT CHARSET=utf8mb4 COLLATE=utf8mb4_general_ci;

--
-- Dumping data for table `typy_szkol`
--

INSERT INTO `typy_szkol` (`id`, `nazwa`) VALUES
(1, 'Liceum'),
(2, 'Technikum'),
(3, 'Szkola Podstawowa'),
(4, 'Przedszkole');

--
-- Indeksy dla zrzutów tabel
--

--
-- Indeksy dla tabeli `klasy`
--
ALTER TABLE `klasy`
  ADD PRIMARY KEY (`id`),
  ADD KEY `typ_szkoly_id` (`typ_szkoly_id`);

--
-- Indeksy dla tabeli `plan_lekcji`
--
ALTER TABLE `plan_lekcji`
  ADD PRIMARY KEY (`id`),
  ADD KEY `klasa_id` (`klasa_id`),
  ADD KEY `przedmiot_id` (`przedmiot_id`),
  ADD KEY `sala_id` (`sala_id`);

--
-- Indeksy dla tabeli `przedmioty`
--
ALTER TABLE `przedmioty`
  ADD PRIMARY KEY (`id`);

--
-- Indeksy dla tabeli `sale`
--
ALTER TABLE `sale`
  ADD PRIMARY KEY (`id`);

--
-- Indeksy dla tabeli `typy_szkol`
--
ALTER TABLE `typy_szkol`
  ADD PRIMARY KEY (`id`);

--
-- AUTO_INCREMENT for dumped tables
--

--
-- AUTO_INCREMENT for table `klasy`
--
ALTER TABLE `klasy`
  MODIFY `id` int(11) NOT NULL AUTO_INCREMENT, AUTO_INCREMENT=19;

--
-- AUTO_INCREMENT for table `plan_lekcji`
--
ALTER TABLE `plan_lekcji`
  MODIFY `id` int(11) NOT NULL AUTO_INCREMENT, AUTO_INCREMENT=645;

--
-- AUTO_INCREMENT for table `przedmioty`
--
ALTER TABLE `przedmioty`
  MODIFY `id` int(11) NOT NULL AUTO_INCREMENT, AUTO_INCREMENT=30;

--
-- AUTO_INCREMENT for table `sale`
--
ALTER TABLE `sale`
  MODIFY `id` int(11) NOT NULL AUTO_INCREMENT, AUTO_INCREMENT=56;

--
-- AUTO_INCREMENT for table `typy_szkol`
--
ALTER TABLE `typy_szkol`
  MODIFY `id` int(11) NOT NULL AUTO_INCREMENT, AUTO_INCREMENT=7;

--
-- Constraints for dumped tables
--

--
-- Constraints for table `klasy`
--
ALTER TABLE `klasy`
  ADD CONSTRAINT `klasy_ibfk_1` FOREIGN KEY (`typ_szkoly_id`) REFERENCES `typy_szkol` (`id`);

--
-- Constraints for table `plan_lekcji`
--
ALTER TABLE `plan_lekcji`
  ADD CONSTRAINT `plan_lekcji_ibfk_1` FOREIGN KEY (`klasa_id`) REFERENCES `klasy` (`id`),
  ADD CONSTRAINT `plan_lekcji_ibfk_2` FOREIGN KEY (`przedmiot_id`) REFERENCES `przedmioty` (`id`),
  ADD CONSTRAINT `plan_lekcji_ibfk_3` FOREIGN KEY (`sala_id`) REFERENCES `sale` (`id`);
COMMIT;

/*!40101 SET CHARACTER_SET_CLIENT=@OLD_CHARACTER_SET_CLIENT */;
/*!40101 SET CHARACTER_SET_RESULTS=@OLD_CHARACTER_SET_RESULTS */;
/*!40101 SET COLLATION_CONNECTION=@OLD_COLLATION_CONNECTION */;
