-- phpMyAdmin SQL Dump
-- version 5.1.1
-- https://www.phpmyadmin.net/
--
-- Host: 127.0.0.1
-- Czas generowania: 19 Maj 2025, 15:02
-- Wersja serwera: 10.4.22-MariaDB
-- Wersja PHP: 7.4.26

SET SQL_MODE = "NO_AUTO_VALUE_ON_ZERO";
START TRANSACTION;
SET time_zone = "+00:00";


/*!40101 SET @OLD_CHARACTER_SET_CLIENT=@@CHARACTER_SET_CLIENT */;
/*!40101 SET @OLD_CHARACTER_SET_RESULTS=@@CHARACTER_SET_RESULTS */;
/*!40101 SET @OLD_COLLATION_CONNECTION=@@COLLATION_CONNECTION */;
/*!40101 SET NAMES utf8mb4 */;

--
-- Baza danych: `szkola`
--

-- --------------------------------------------------------

--
-- Struktura tabeli dla tabeli `klasy`
--

CREATE TABLE `klasy` (
  `id` int(11) NOT NULL,
  `nazwa` varchar(10) NOT NULL,
  `rocznik` int(11) NOT NULL,
  `typ_szkoly_id` int(11) NOT NULL
) ENGINE=InnoDB DEFAULT CHARSET=utf8mb4;

--
-- Zrzut danych tabeli `klasy`
--

INSERT INTO `klasy` (`id`, `nazwa`, `rocznik`, `typ_szkoly_id`) VALUES
(1, '1A', 2009, 1),
(2, '2A', 2008, 1),
(3, '3A', 2007, 1),
(4, '4A', 2006, 1),
(5, '1T', 2009, 2),
(6, '2T', 2008, 2),
(7, '3T', 2007, 2),
(8, '4T', 2006, 2),
(9, '5T', 2005, 2),
(10, '1a', 2017, 3),
(11, '2a', 2016, 3),
(12, '3a', 2015, 3),
(13, '4a', 2014, 3),
(14, '5a', 2013, 3),
(15, '6a', 2012, 3),
(16, '7a', 2011, 3),
(17, '8a', 2010, 3),
(18, 'Muchomorki', 2018, 4);

-- --------------------------------------------------------

--
-- Struktura tabeli dla tabeli `nauczyciele`
--

CREATE TABLE `nauczyciele` (
  `id` int(11) NOT NULL,
  `imie` varchar(50) NOT NULL,
  `nazwisko` varchar(50) NOT NULL,
  `id_przedmiotu` int(11) DEFAULT NULL,
  `id_klasy_wychowawca` int(11) DEFAULT NULL,
  `login` varchar(50) NOT NULL,
  `haslo` varchar(255) NOT NULL
) ENGINE=InnoDB DEFAULT CHARSET=utf8mb4;

--
-- Zrzut danych tabeli `nauczyciele`
--

INSERT INTO `nauczyciele` (`id`, `imie`, `nazwisko`, `id_przedmiotu`, `id_klasy_wychowawca`, `login`, `haslo`) VALUES
(1, 'Paweł', 'Woźniak', 1, 1, 'paweł_woźsdfssdsddniak', 'pawełwoźniak123'),
(2, 'Anna', 'Mazur', 1, 15, 'anna_mazufdsfr', 'annamazur123'),
(3, 'Marek', 'Dąbrowski', 1, 2, 'marek_dąbrowsfffki', 'marekdąbrowski123'),
(4, 'Joanna', 'Jankowski', 2, 14, 'joanna_janfffkowski', 'joannajankowski123'),
(5, 'Zofia', 'Krawczyk', 2, 3, 'zofia_krawcffzyk', 'zofiakrawczyk123'),
(6, 'Paweł', 'Zieliński', 2, 13, 'paweł_zifffeliński', 'pawełzieliński123'),
(7, 'Paweł', 'Woźniak', 3, 5, 'pawełffffff_woźniak', 'pawełwoźniak123'),
(8, 'Joanna', 'Jankowski', 3, NULL, 'joanna_jankfffkowski', 'joannajankowski123'),
(9, 'Krzysztof', 'Nowak', 3, 4, 'krzysztofffff_nowak', 'krzysztofnowak123'),
(10, 'Magdalena', 'Woźniak', 4, 12, 'magdalena_wfffoźniak', 'magdalenawoźniak123'),
(11, 'Ewa', 'Wiśniewski', 4, 11, 'ewa_wiśniewsfffki', 'ewawiśniewski123'),
(12, 'Jan', 'Kozłowski', 4, NULL, 'jan_kozłowffffffski', 'jankozłowski123'),
(13, 'Maria', 'Kowalski', 5, NULL, 'maria_fffkowalski', 'mariakowalski123'),
(14, 'Tomasz', 'Jankowski', 5, 6, 'tfffomasz_jankowski', 'tomaszjankowski123'),
(15, 'Paweł', 'Zieliński', 5, NULL, 'pfaweł_zieliński', 'pawełzieliński123'),
(16, 'Ewa', 'Mazur', 6, 10, 'efffwa_mazur', 'ewamazur123'),
(17, 'Tomasz', 'Szymański', 6, 17, 'tomasz_ssdfzymański', 'tomaszszymański123'),
(18, 'Magdalena', 'Wiśniewski', 6, 16, 'magdalena_wsdfsfsdiśniewski', 'magdalenawiśniewski123'),
(19, 'Anna', 'Szymański', 7, 7, 'anna_szymańsdfdfsdski', 'annaszymański123'),
(20, 'Michał', 'Lewandowski', 7, 9, 'michał_sfdsdflewandowski', 'michałlewandowski123'),
(21, 'Piotr', 'Wójcik', 7, NULL, 'piotr_wósdfsdfjcik', 'piotrwójcik123'),
(22, 'Zofia', 'Kowalczyk', 8, NULL, 'zofia_ksdfsdfsdfowalczyk', 'zofiakowalczyk123'),
(23, 'Maria', 'Kowalski', 8, 8, 'mariasdf_kowalsski', 'mariakowalski123'),
(24, 'Jan', 'Wójcik', 8, NULL, 'jan_wójcisk', 'janwójcik123'),
(25, 'Katarzyna', 'Wójcik', 9, NULL, 'katarzynas_wójcik', 'katarzynawójcik123'),
(26, 'Krzysztof', 'Kowalczyk', 9, NULL, 'krzyssssssssztof_kowalczyk', 'krzysztofkowalczyk123'),
(27, 'Katarzyna', 'Krawczyk', 9, NULL, 'katarszyna_krawczyk', 'katarzynakrawczyk123'),
(28, 'Ewa', 'Kozłowski', 10, NULL, 'ewa_kozłsowski', 'ewakozłowski123'),
(29, 'Magdalena', 'Mazur', 10, NULL, 'magdalena_mazur', 'magdalenamazur123'),
(30, 'Michał', 'Szymański', 10, NULL, 'michał_szymańsski', 'michałszymański123'),
(31, 'Anna', 'Mazur', 11, NULL, 'anna_maszur', 'annasmazur123'),
(32, 'Paweł', 'Kowalski', 11, NULL, 'pawesł_kowalsksi', 'pawełkowalski123'),
(33, 'Magdalena', 'Mazur', 11, NULL, 'magdsalena_msazur', 'magdalenamazur123'),
(34, 'Ewa', 'Lewandowski', 12, NULL, 'ewa_lsewandsowski', 'ewalewandowski123'),
(35, 'Piotr', 'Lewandowski', 12, NULL, 'piotsr_sslewandowski', 'piotrlewandowski123'),
(36, 'Michał', 'Nowak', 12, NULL, 'michał_nowsak', 'michałnowak123'),
(37, 'Jan', 'Krawczyk', 13, NULL, 'jan_krawcszyk', 'jankrawczyk123'),
(38, 'Anna', 'Kozłowski', 13, NULL, 'anna_ksozłowski', 'annakozłowski123'),
(39, 'Ewa', 'Wójcik', 13, NULL, 'ewa_wójcisk', 'ewawójcik123'),
(40, 'Zofia', 'Wójcik', 14, NULL, 'zofia_swójcik', 'zofiawójcik123'),
(41, 'Maria', 'Kowalski', 14, NULL, 'marsia_kowalski', 'mariakowalski123'),
(42, 'Maria', 'Mazur', 14, NULL, 'marias_mazur', 'mariamazur123'),
(43, 'Paweł', 'Dąbrowski', 15, NULL, 'paweł_dąbrowasdski', 'pawełdąbrowski123'),
(44, 'Anna', 'Krawczyk', 15, NULL, 'anna_krawczsdayk', 'annakrawczyk123'),
(45, 'Joanna', 'Kowalski', 15, NULL, 'joannasad_kowalski', 'joannakowalski123');

-- --------------------------------------------------------

--
-- Struktura tabeli dla tabeli `oceny`
--

CREATE TABLE `oceny` (
  `id` int(11) NOT NULL,
  `id_ucznia` int(11) NOT NULL,
  `id_przedmiotu` int(11) NOT NULL,
  `id_nauczyciela` int(11) NOT NULL,
  `ocena` varchar(5) NOT NULL,
  `opis` varchar(255) DEFAULT NULL,
  `data_dodania` datetime DEFAULT current_timestamp()
) ENGINE=InnoDB DEFAULT CHARSET=utf8mb4;

--
-- Zrzut danych tabeli `oceny`
--

INSERT INTO `oceny` (`id`, `id_ucznia`, `id_przedmiotu`, `id_nauczyciela`, `ocena`, `opis`, `data_dodania`) VALUES
(2, 1, 1, 1, '4', 'Aktywność na lekcji', '2025-01-10 08:15:00'),
(3, 1, 4, 10, '3', 'Kartkówka', '2025-01-12 09:30:00'),
(4, 1, 2, 4, '5', 'Odpowiedź ustna', '2025-01-15 10:45:00'),
(5, 2, 1, 1, '5', 'Praca domowa', '2025-01-11 08:20:00'),
(6, 2, 4, 10, '4', 'Sprawdzian', '2025-01-13 09:35:00'),
(7, 3, 2, 4, '3', 'Odpowiedź ustna', '2025-01-14 10:50:00'),
(8, 3, 9, 25, '4', 'Projekt', '2025-01-16 11:55:00'),
(9, 4, 4, 10, '5', 'Kartkówka', '2025-01-17 12:10:00'),
(10, 4, 12, 34, '4', 'Aktywność na WF', '2025-01-18 13:25:00'),
(11, 5, 5, 13, '3', 'Sprawdzian', '2025-01-19 08:15:00'),
(12, 5, 6, 16, '4', 'Doświadczenie', '2025-01-20 09:30:00'),
(13, 6, 7, 19, '5', 'Prezentacja', '2025-01-21 10:45:00'),
(14, 6, 8, 22, '3', 'Praca w grupach', '2025-01-22 11:00:00'),
(15, 7, 9, 25, '4', 'Referat', '2025-01-23 12:15:00'),
(16, 7, 10, 28, '5', 'Dyskusja', '2025-01-24 13:30:00'),
(17, 8, 11, 31, '3', 'Projekt', '2025-01-25 08:45:00'),
(18, 8, 12, 34, '4', 'Zawody sportowe', '2025-01-26 09:00:00'),
(19, 9, 13, 37, '5', 'Test', '2025-01-27 10:15:00'),
(20, 9, 14, 40, '3', 'Praca domowa', '2025-01-28 11:30:00'),
(21, 10, 15, 43, '4', 'Aktywność', '2025-01-29 12:45:00'),
(22, 10, 1, 1, '5', 'Wypracowanie', '2025-01-30 13:00:00'),
(23, 11, 2, 4, '3', 'Dyktando', '2025-01-31 08:15:00'),
(24, 11, 3, 7, '4', 'Konwersacja', '2025-02-01 09:30:00'),
(25, 12, 4, 10, '5', 'Zadanie dodatkowe', '2025-02-02 10:45:00'),
(26, 12, 5, 13, '3', 'Kartkówka', '2025-02-03 11:00:00'),
(27, 13, 6, 16, '4', 'Doświadczenie', '2025-02-04 12:15:00'),
(28, 13, 7, 19, '5', 'Prezentacja', '2025-02-05 13:30:00'),
(29, 14, 8, 22, '3', 'Praca domowa', '2025-02-06 08:45:00'),
(30, 14, 9, 25, '4', 'Quiz', '2025-02-07 09:00:00'),
(31, 15, 10, 28, '5', 'Debata', '2025-02-08 10:15:00'),
(32, 15, 11, 31, '3', 'Zadanie praktyczne', '2025-02-09 11:30:00'),
(33, 16, 1, 3, '4', 'Aktywność na lekcji', '2025-02-10 12:45:00'),
(34, 16, 4, 12, '5', 'Sprawdzian', '2025-02-11 13:00:00'),
(35, 16, 2, 6, '3', 'Odpowiedź ustna', '2025-02-12 08:15:00'),
(36, 17, 9, 27, '4', 'Projekt', '2025-02-13 09:30:00'),
(37, 17, 12, 36, '5', 'Zawody sportowe', '2025-02-14 10:45:00'),
(38, 18, 5, 15, '3', 'Kartkówka', '2025-02-15 11:00:00'),
(39, 18, 6, 18, '4', 'Doświadczenie', '2025-02-16 12:15:00'),
(40, 19, 7, 21, '5', 'Prezentacja', '2025-02-17 13:30:00'),
(41, 19, 8, 24, '3', 'Praca w grupach', '2025-02-18 08:45:00'),
(42, 20, 9, 27, '4', 'Referat', '2025-02-19 09:00:00'),
(43, 20, 10, 30, '5', 'Dyskusja', '2025-02-20 10:15:00'),
(44, 21, 11, 33, '3', 'Projekt', '2025-02-21 11:30:00'),
(45, 21, 12, 36, '4', 'Aktywność na WF', '2025-02-22 12:45:00'),
(46, 22, 13, 39, '5', 'Test', '2025-02-23 13:00:00'),
(47, 22, 14, 42, '3', 'Praca domowa', '2025-02-24 08:15:00'),
(48, 23, 15, 45, '4', 'Aktywność', '2025-02-25 09:30:00'),
(49, 23, 1, 3, '5', 'Wypracowanie', '2025-02-26 10:45:00'),
(50, 24, 2, 6, '3', 'Dyktando', '2025-02-27 11:00:00'),
(51, 24, 3, 9, '4', 'Konwersacja', '2025-02-28 12:15:00'),
(52, 25, 4, 12, '5', 'Zadanie dodatkowe', '2025-03-01 13:30:00'),
(53, 25, 5, 15, '3', 'Kartkówka', '2025-03-02 08:45:00'),
(54, 26, 6, 18, '4', 'Doświadczenie', '2025-03-03 09:00:00'),
(55, 26, 7, 21, '5', 'Prezentacja', '2025-03-04 10:15:00'),
(56, 27, 8, 24, '3', 'Praca domowa', '2025-03-05 11:30:00'),
(57, 27, 9, 27, '4', 'Quiz', '2025-03-06 12:45:00'),
(58, 28, 10, 30, '5', 'Debata', '2025-03-07 13:00:00'),
(59, 28, 11, 33, '3', 'Zadanie praktyczne', '2025-03-08 08:15:00'),
(60, 29, 12, 36, '4', 'Zawody sportowe', '2025-03-09 09:30:00'),
(61, 29, 13, 39, '5', 'Test', '2025-03-10 10:45:00'),
(62, 30, 14, 42, '3', 'Praca domowa', '2025-03-11 11:00:00'),
(63, 30, 15, 45, '4', 'Aktywność', '2025-03-12 12:15:00'),
(64, 31, 1, 2, '5', 'Wypracowanie', '2025-03-13 13:30:00'),
(65, 31, 4, 11, '3', 'Kartkówka', '2025-03-14 08:45:00'),
(66, 31, 2, 5, '4', 'Odpowiedź ustna', '2025-03-15 09:00:00'),
(67, 32, 9, 26, '5', 'Projekt', '2025-03-16 10:15:00'),
(68, 32, 12, 35, '3', 'Aktywność na WF', '2025-03-17 11:30:00'),
(69, 33, 5, 14, '4', 'Sprawdzian', '2025-03-18 12:45:00'),
(70, 33, 6, 17, '5', 'Doświadczenie', '2025-03-19 13:00:00'),
(71, 34, 7, 20, '3', 'Prezentacja', '2025-03-20 08:15:00'),
(72, 34, 8, 23, '4', 'Praca w grupach', '2025-03-21 09:30:00'),
(73, 35, 9, 26, '5', 'Referat', '2025-03-22 10:45:00'),
(74, 35, 10, 29, '3', 'Dyskusja', '2025-03-23 11:00:00'),
(75, 36, 11, 32, '4', 'Projekt', '2025-03-24 12:15:00'),
(76, 36, 12, 35, '5', 'Zawody sportowe', '2025-03-25 13:30:00'),
(77, 37, 13, 38, '3', 'Test', '2025-03-26 08:45:00'),
(78, 37, 14, 41, '4', 'Praca domowa', '2025-03-27 09:00:00'),
(79, 38, 15, 44, '5', 'Aktywność', '2025-03-28 10:15:00'),
(80, 38, 1, 2, '3', 'Wypracowanie', '2025-03-29 11:30:00'),
(81, 39, 2, 5, '4', 'Dyktando', '2025-03-30 12:45:00'),
(82, 39, 3, 8, '5', 'Konwersacja', '2025-03-31 13:00:00'),
(83, 40, 4, 11, '3', 'Zadanie dodatkowe', '2025-04-01 08:15:00'),
(84, 40, 5, 14, '4', 'Kartkówka', '2025-04-02 09:30:00'),
(85, 41, 6, 17, '5', 'Doświadczenie', '2025-04-03 10:45:00'),
(86, 41, 7, 20, '3', 'Prezentacja', '2025-04-04 11:00:00'),
(87, 42, 8, 23, '4', 'Praca domowa', '2025-04-05 12:15:00'),
(88, 42, 9, 26, '5', 'Quiz', '2025-04-06 13:30:00'),
(89, 43, 10, 29, '3', 'Debata', '2025-04-07 08:45:00'),
(90, 43, 11, 32, '4', 'Zadanie praktyczne', '2025-04-08 09:00:00'),
(91, 44, 12, 35, '5', 'Aktywność na WF', '2025-04-09 10:15:00'),
(92, 44, 13, 38, '3', 'Test', '2025-04-10 11:30:00'),
(93, 45, 14, 41, '4', 'Praca domowa', '2025-04-11 12:45:00'),
(94, 45, 15, 44, '5', 'Aktywność', '2025-04-12 13:00:00'),
(95, 46, 1, 1, '3', 'Wypracowanie', '2025-04-13 08:15:00'),
(96, 46, 4, 10, '4', 'Kartkówka', '2025-04-14 09:30:00'),
(97, 46, 2, 4, '5', 'Odpowiedź ustna', '2025-04-15 10:45:00'),
(98, 47, 9, 25, '3', 'Projekt', '2025-04-16 11:00:00'),
(99, 47, 12, 34, '4', 'Aktywność na WF', '2025-04-17 12:15:00'),
(100, 48, 5, 13, '5', 'Sprawdzian', '2025-04-18 13:30:00'),
(101, 48, 6, 16, '3', 'Doświadczenie', '2025-04-19 08:45:00'),
(102, 49, 7, 19, '4', 'Prezentacja', '2025-04-20 09:00:00'),
(103, 49, 8, 22, '5', 'Praca w grupach', '2025-04-21 10:15:00'),
(104, 50, 9, 25, '3', 'Referat', '2025-04-22 11:30:00'),
(105, 50, 10, 28, '4', 'Dyskusja', '2025-04-23 12:45:00'),
(106, 51, 11, 31, '5', 'Projekt', '2025-04-24 13:00:00'),
(107, 51, 12, 34, '3', 'Zawody sportowe', '2025-04-25 08:15:00'),
(108, 52, 13, 37, '4', 'Test', '2025-04-26 09:30:00'),
(109, 52, 14, 40, '5', 'Praca domowa', '2025-04-27 10:45:00'),
(110, 53, 15, 43, '3', 'Aktywność', '2025-04-28 11:00:00'),
(111, 53, 1, 1, '4', 'Wypracowanie', '2025-04-29 12:15:00'),
(112, 54, 2, 4, '5', 'Dyktando', '2025-04-30 13:30:00'),
(113, 54, 3, 7, '3', 'Konwersacja', '2025-05-01 08:45:00'),
(114, 55, 4, 10, '4', 'Zadanie dodatkowe', '2025-05-02 09:00:00'),
(115, 55, 5, 13, '5', 'Kartkówka', '2025-05-03 10:15:00'),
(116, 56, 6, 16, '3', 'Doświadczenie', '2025-05-04 11:30:00'),
(117, 56, 7, 19, '4', 'Prezentacja', '2025-05-05 12:45:00'),
(118, 57, 8, 22, '5', 'Praca domowa', '2025-05-06 13:00:00'),
(119, 57, 9, 25, '3', 'Quiz', '2025-05-07 08:15:00'),
(120, 58, 10, 28, '4', 'Debata', '2025-05-08 09:30:00'),
(121, 58, 11, 31, '5', 'Zadanie praktyczne', '2025-05-09 10:45:00'),
(122, 59, 12, 34, '3', 'Aktywność na WF', '2025-05-10 11:00:00'),
(123, 59, 13, 37, '4', 'Test', '2025-05-11 12:15:00'),
(124, 60, 14, 40, '5', 'Praca domowa', '2025-05-12 13:30:00'),
(125, 60, 15, 43, '3', 'Aktywność', '2025-05-13 08:45:00'),
(126, 61, 16, 1, '4', 'Projekt zawodowy', '2025-05-14 09:00:00'),
(127, 61, 4, 10, '5', 'Kartkówka', '2025-05-15 10:15:00'),
(128, 61, 2, 4, '3', 'Odpowiedź ustna', '2025-05-16 11:30:00'),
(129, 62, 16, 1, '4', 'Zadanie praktyczne', '2025-05-17 12:45:00'),
(130, 62, 12, 34, '5', 'Aktywność na WF', '2025-05-18 13:00:00'),
(131, 63, 5, 13, '3', 'Sprawdzian', '2025-05-19 08:15:00'),
(132, 63, 6, 16, '4', 'Doświadczenie', '2025-05-20 09:30:00'),
(133, 64, 17, 2, '5', 'Praktyka zawodowa', '2025-05-21 10:45:00'),
(134, 64, 8, 22, '3', 'Praca w grupach', '2025-05-22 11:00:00'),
(135, 65, 16, 1, '4', 'Projekt', '2025-05-23 12:15:00'),
(136, 65, 10, 28, '5', 'Dyskusja', '2025-05-24 13:30:00'),
(137, 66, 11, 31, '3', 'Zadanie praktyczne', '2025-05-25 08:45:00'),
(138, 66, 12, 34, '4', 'Zawody sportowe', '2025-05-26 09:00:00'),
(139, 67, 13, 37, '5', 'Test', '2025-05-27 10:15:00'),
(140, 67, 14, 40, '3', 'Praca domowa', '2025-05-28 11:30:00'),
(141, 68, 15, 43, '4', 'Aktywność', '2025-05-29 12:45:00'),
(142, 68, 16, 1, '5', 'Projekt zawodowy', '2025-05-30 13:00:00'),
(143, 69, 2, 4, '3', 'Dyktando', '2025-05-31 08:15:00'),
(144, 69, 3, 7, '4', 'Konwersacja', '2025-06-01 09:30:00'),
(145, 70, 4, 10, '5', 'Zadanie dodatkowe', '2025-06-02 10:45:00'),
(146, 70, 5, 13, '3', 'Kartkówka', '2025-06-03 11:00:00'),
(147, 71, 6, 16, '4', 'Doświadczenie', '2025-06-04 12:15:00'),
(148, 71, 7, 19, '5', 'Prezentacja', '2025-06-05 13:30:00'),
(149, 72, 8, 22, '3', 'Praca domowa', '2025-06-06 08:45:00'),
(150, 72, 9, 25, '4', 'Quiz', '2025-06-07 09:00:00'),
(151, 73, 10, 28, '5', 'Debata', '2025-06-08 10:15:00'),
(152, 73, 11, 31, '3', 'Zadanie praktyczne', '2025-06-09 11:30:00'),
(153, 74, 12, 34, '4', 'Aktywność na WF', '2025-06-10 12:45:00'),
(154, 74, 13, 37, '5', 'Test', '2025-06-11 13:00:00'),
(155, 75, 14, 40, '3', 'Praca domowa', '2025-06-12 08:15:00'),
(156, 75, 15, 43, '4', 'Aktywność', '2025-06-13 09:30:00'),
(157, 76, 16, 3, '5', 'Projekt zawodowy', '2025-06-14 10:45:00'),
(158, 76, 4, 12, '3', 'Kartkówka', '2025-06-15 11:00:00'),
(159, 76, 2, 6, '4', 'Odpowiedź ustna', '2025-06-16 12:15:00'),
(160, 77, 16, 3, '5', 'Zadanie praktyczne', '2025-06-17 13:30:00'),
(161, 77, 12, 36, '3', 'Aktywność na WF', '2025-06-18 08:45:00'),
(162, 78, 5, 15, '4', 'Sprawdzian', '2025-06-19 09:00:00'),
(163, 78, 6, 18, '5', 'Doświadczenie', '2025-06-20 10:15:00'),
(164, 79, 17, 5, '3', 'Praktyka zawodowa', '2025-06-21 11:30:00'),
(165, 79, 8, 24, '4', 'Praca w grupach', '2025-06-22 12:45:00'),
(166, 80, 16, 3, '5', 'Projekt', '2025-06-23 13:00:00'),
(167, 80, 10, 30, '3', 'Dyskusja', '2025-06-24 08:15:00'),
(168, 81, 11, 33, '4', 'Zadanie praktyczne', '2025-06-25 09:30:00'),
(169, 81, 12, 36, '5', 'Zawody sportowe', '2025-06-26 10:45:00'),
(170, 82, 13, 39, '3', 'Test', '2025-06-27 11:00:00'),
(171, 82, 14, 42, '4', 'Praca domowa', '2025-06-28 12:15:00'),
(172, 83, 15, 45, '5', 'Aktywność', '2025-06-29 13:30:00'),
(173, 83, 16, 3, '3', 'Projekt zawodowy', '2025-06-30 08:45:00'),
(174, 84, 2, 6, '4', 'Dyktando', '2025-07-01 09:00:00'),
(175, 84, 3, 9, '5', 'Konwersacja', '2025-07-02 10:15:00'),
(176, 85, 4, 12, '3', 'Zadanie dodatkowe', '2025-07-03 11:30:00'),
(177, 85, 5, 15, '4', 'Kartkówka', '2025-07-04 12:45:00'),
(178, 86, 6, 18, '5', 'Doświadczenie', '2025-07-05 13:00:00'),
(179, 86, 7, 21, '3', 'Prezentacja', '2025-07-06 08:15:00'),
(180, 87, 8, 24, '4', 'Praca domowa', '2025-07-07 09:30:00'),
(181, 87, 9, 27, '5', 'Quiz', '2025-07-08 10:45:00'),
(182, 88, 10, 30, '3', 'Debata', '2025-07-09 11:00:00'),
(183, 88, 11, 33, '4', 'Zadanie praktyczne', '2025-07-10 12:15:00'),
(184, 89, 12, 36, '5', 'Aktywność na WF', '2025-07-11 13:30:00'),
(185, 89, 13, 39, '3', 'Test', '2025-07-12 08:45:00'),
(186, 90, 14, 42, '4', 'Praca domowa', '2025-07-13 09:00:00'),
(187, 90, 15, 45, '5', 'Aktywność', '2025-07-14 10:15:00'),
(188, 91, 16, 2, '3', 'Projekt zawodowy', '2025-07-15 11:30:00'),
(189, 91, 4, 11, '4', 'Kartkówka', '2025-07-16 12:45:00'),
(190, 91, 2, 5, '5', 'Odpowiedź ustna', '2025-07-17 13:00:00'),
(191, 92, 16, 2, '3', 'Zadanie praktyczne', '2025-07-18 08:15:00'),
(192, 92, 12, 35, '4', 'Aktywność na WF', '2025-07-19 09:30:00'),
(193, 93, 5, 14, '5', 'Sprawdzian', '2025-07-20 10:45:00'),
(194, 93, 6, 17, '3', 'Doświadczenie', '2025-07-21 11:00:00'),
(195, 94, 17, 4, '4', 'Praktyka zawodowa', '2025-07-22 12:15:00'),
(196, 94, 8, 23, '5', 'Praca w grupach', '2025-07-23 13:30:00'),
(197, 95, 16, 2, '3', 'Projekt', '2025-07-24 08:45:00'),
(198, 95, 10, 29, '4', 'Dyskusja', '2025-07-25 09:00:00'),
(199, 96, 11, 32, '5', 'Zadanie praktyczne', '2025-07-26 10:15:00'),
(200, 96, 12, 35, '3', 'Zawody sportowe', '2025-07-27 11:30:00'),
(201, 97, 13, 38, '4', 'Test', '2025-07-28 12:45:00'),
(202, 97, 14, 41, '5', 'Praca domowa', '2025-07-29 13:00:00'),
(203, 98, 15, 44, '3', 'Aktywność', '2025-07-30 08:15:00'),
(204, 98, 16, 2, '4', 'Projekt zawodowy', '2025-07-31 09:30:00'),
(205, 99, 2, 5, '5', 'Dyktando', '2025-08-01 10:45:00'),
(206, 99, 3, 8, '3', 'Konwersacja', '2025-08-02 11:00:00'),
(207, 100, 4, 11, '4', 'Zadanie dodatkowe', '2025-08-03 12:15:00'),
(208, 100, 5, 14, '5', 'Kartkówka', '2025-08-04 13:30:00'),
(209, 101, 6, 17, '3', 'Doświadczenie', '2025-08-05 08:45:00'),
(210, 101, 7, 20, '4', 'Prezentacja', '2025-08-06 09:00:00'),
(211, 102, 8, 23, '5', 'Praca domowa', '2025-08-07 10:15:00'),
(212, 102, 9, 26, '3', 'Quiz', '2025-08-08 11:30:00'),
(213, 103, 10, 29, '4', 'Debata', '2025-08-09 12:45:00'),
(214, 103, 11, 32, '5', 'Zadanie praktyczne', '2025-08-10 13:00:00'),
(215, 104, 12, 35, '3', 'Aktywność na WF', '2025-08-11 08:15:00'),
(216, 104, 13, 38, '4', 'Test', '2025-08-12 09:30:00'),
(217, 105, 14, 41, '5', 'Praca domowa', '2025-08-13 10:45:00'),
(218, 105, 15, 44, '3', 'Aktywność', '2025-08-14 11:00:00'),
(219, 106, 16, 1, '4', 'Projekt zawodowy', '2025-08-15 12:15:00'),
(220, 106, 4, 10, '5', 'Kartkówka', '2025-08-16 13:30:00'),
(221, 106, 2, 4, '3', 'Odpowiedź ustna', '2025-08-17 08:45:00'),
(222, 107, 16, 1, '4', 'Zadanie praktyczne', '2025-08-18 09:00:00'),
(223, 107, 12, 34, '5', 'Aktywność na WF', '2025-08-19 10:15:00'),
(224, 108, 5, 13, '3', 'Sprawdzian', '2025-08-20 11:30:00'),
(225, 108, 6, 16, '4', 'Doświadczenie', '2025-08-21 12:45:00'),
(226, 109, 17, 2, '5', 'Praktyka zawodowa', '2025-08-22 13:00:00'),
(227, 109, 8, 22, '3', 'Praca w grupach', '2025-08-23 08:15:00'),
(228, 110, 16, 1, '4', 'Projekt', '2025-08-24 09:30:00'),
(229, 110, 10, 28, '5', 'Dyskusja', '2025-08-25 10:45:00'),
(230, 111, 11, 31, '3', 'Zadanie praktyczne', '2025-08-26 11:00:00'),
(231, 111, 12, 34, '4', 'Zawody sportowe', '2025-08-27 12:15:00'),
(232, 112, 13, 37, '5', 'Test', '2025-08-28 13:30:00'),
(233, 112, 14, 40, '3', 'Praca domowa', '2025-08-29 08:45:00'),
(234, 113, 15, 43, '4', 'Aktywność', '2025-08-30 09:00:00'),
(235, 113, 16, 1, '5', 'Projekt zawodowy', '2025-08-31 10:15:00'),
(236, 114, 2, 4, '3', 'Dyktando', '2025-09-01 11:30:00'),
(237, 114, 3, 7, '4', 'Konwersacja', '2025-09-02 12:45:00'),
(238, 115, 4, 10, '5', 'Zadanie dodatkowe', '2025-09-03 13:00:00'),
(239, 115, 5, 13, '3', 'Kartkówka', '2025-09-04 08:15:00'),
(240, 116, 6, 16, '4', 'Doświadczenie', '2025-09-05 09:30:00'),
(241, 116, 7, 19, '5', 'Prezentacja', '2025-09-06 10:45:00'),
(242, 117, 8, 22, '3', 'Praca domowa', '2025-09-07 11:00:00'),
(243, 117, 9, 25, '4', 'Quiz', '2025-09-08 12:15:00'),
(244, 118, 10, 28, '5', 'Debata', '2025-09-09 13:30:00'),
(245, 118, 11, 31, '3', 'Zadanie praktyczne', '2025-09-10 08:45:00'),
(246, 119, 12, 34, '4', 'Aktywność na WF', '2025-09-11 09:00:00'),
(247, 119, 13, 37, '5', 'Test', '2025-09-12 10:15:00'),
(248, 247, 1, 2, '3', 'Kartkówka', '2025-05-19 13:36:37'),
(249, 247, 1, 2, '3', 'Kartkówka', '2025-05-19 13:41:21'),
(250, 247, 1, 2, '3', 'Kartkówka', '2025-05-19 13:52:06'),
(251, 18, 1, 2, '5', 'Sprawdzian z wiadomości', '2025-05-19 14:20:56');

-- --------------------------------------------------------

--
-- Struktura tabeli dla tabeli `plan_lekcji`
--

CREATE TABLE `plan_lekcji` (
  `id` int(11) NOT NULL,
  `klasa_id` int(11) NOT NULL,
  `przedmiot_id` int(11) NOT NULL,
  `sala_id` int(11) DEFAULT NULL,
  `dzien_tygodnia` varchar(20) NOT NULL,
  `godzina_start` time NOT NULL,
  `godzina_koniec` time NOT NULL
) ENGINE=InnoDB DEFAULT CHARSET=utf8mb4;

--
-- Zrzut danych tabeli `plan_lekcji`
--

INSERT INTO `plan_lekcji` (`id`, `klasa_id`, `przedmiot_id`, `sala_id`, `dzien_tygodnia`, `godzina_start`, `godzina_koniec`) VALUES
(1, 1, 1, 1, 'Poniedzialek', '07:10:00', '07:55:00'),
(2, 1, 4, 2, 'Poniedzialek', '08:05:00', '08:50:00'),
(3, 1, 2, 3, 'Poniedzialek', '09:00:00', '09:45:00'),
(4, 1, 9, 4, 'Poniedzialek', '09:55:00', '10:40:00'),
(5, 1, 12, 51, 'Poniedzialek', '10:50:00', '11:35:00'),
(6, 1, 5, 5, 'Poniedzialek', '11:45:00', '12:30:00'),
(7, 1, 6, 6, 'Poniedzialek', '12:40:00', '13:25:00'),
(8, 1, 4, 2, 'Wtorek', '07:10:00', '07:55:00'),
(9, 1, 3, 7, 'Wtorek', '08:05:00', '08:50:00'),
(10, 1, 7, 8, 'Wtorek', '09:00:00', '09:45:00'),
(11, 1, 10, 9, 'Wtorek', '09:55:00', '10:40:00'),
(12, 1, 1, 1, 'Wtorek', '10:50:00', '11:35:00'),
(13, 1, 12, 52, 'Wtorek', '11:45:00', '12:30:00'),
(14, 1, 2, 3, 'Wtorek', '12:40:00', '13:25:00'),
(15, 1, 9, 4, 'Sroda', '07:10:00', '07:55:00'),
(16, 1, 5, 5, 'Sroda', '08:05:00', '08:50:00'),
(17, 1, 8, 10, 'Sroda', '09:00:00', '09:45:00'),
(18, 1, 4, 2, 'Sroda', '09:55:00', '10:40:00'),
(19, 1, 14, 11, 'Sroda', '10:50:00', '11:35:00'),
(20, 1, 1, 1, 'Sroda', '11:45:00', '12:30:00'),
(21, 1, 15, 12, 'Sroda', '12:40:00', '13:25:00'),
(22, 1, 2, 3, 'Czwartek', '07:10:00', '07:55:00'),
(23, 1, 6, 6, 'Czwartek', '08:05:00', '08:50:00'),
(24, 1, 11, 13, 'Czwartek', '09:00:00', '09:45:00'),
(25, 1, 7, 8, 'Czwartek', '09:55:00', '10:40:00'),
(26, 1, 4, 2, 'Czwartek', '10:50:00', '11:35:00'),
(27, 1, 13, 14, 'Czwartek', '11:45:00', '12:30:00'),
(28, 1, 3, 7, 'Czwartek', '12:40:00', '13:25:00'),
(29, 1, 8, 10, 'Piatek', '07:10:00', '07:55:00'),
(30, 1, 10, 9, 'Piatek', '08:05:00', '08:50:00'),
(31, 1, 5, 5, 'Piatek', '09:00:00', '09:45:00'),
(32, 1, 1, 1, 'Piatek', '09:55:00', '10:40:00'),
(33, 1, 12, 51, 'Piatek', '10:50:00', '11:35:00'),
(34, 1, 2, 3, 'Piatek', '11:45:00', '12:30:00'),
(35, 1, 9, 4, 'Piatek', '12:40:00', '13:25:00'),
(36, 2, 1, 15, 'Poniedzialek', '07:10:00', '07:55:00'),
(37, 2, 4, 16, 'Poniedzialek', '08:05:00', '08:50:00'),
(38, 2, 2, 17, 'Poniedzialek', '09:00:00', '09:45:00'),
(39, 2, 9, 18, 'Poniedzialek', '09:55:00', '10:40:00'),
(40, 2, 12, 52, 'Poniedzialek', '10:50:00', '11:35:00'),
(41, 2, 5, 19, 'Poniedzialek', '11:45:00', '12:30:00'),
(42, 2, 6, 20, 'Poniedzialek', '12:40:00', '13:25:00'),
(43, 2, 4, 16, 'Wtorek', '07:10:00', '07:55:00'),
(44, 2, 3, 21, 'Wtorek', '08:05:00', '08:50:00'),
(45, 2, 7, 22, 'Wtorek', '09:00:00', '09:45:00'),
(46, 2, 10, 23, 'Wtorek', '09:55:00', '10:40:00'),
(47, 2, 1, 15, 'Wtorek', '10:50:00', '11:35:00'),
(48, 2, 12, 53, 'Wtorek', '11:45:00', '12:30:00'),
(49, 2, 2, 17, 'Wtorek', '12:40:00', '13:25:00'),
(50, 2, 9, 18, 'Sroda', '07:10:00', '07:55:00'),
(51, 2, 5, 19, 'Sroda', '08:05:00', '08:50:00'),
(52, 2, 8, 24, 'Sroda', '09:00:00', '09:45:00'),
(53, 2, 4, 16, 'Sroda', '09:55:00', '10:40:00'),
(54, 2, 14, 25, 'Sroda', '10:50:00', '11:35:00'),
(55, 2, 1, 15, 'Sroda', '11:45:00', '12:30:00'),
(56, 2, 15, 26, 'Sroda', '12:40:00', '13:25:00'),
(57, 2, 2, 17, 'Czwartek', '07:10:00', '07:55:00'),
(58, 2, 6, 20, 'Czwartek', '08:05:00', '08:50:00'),
(59, 2, 11, 27, 'Czwartek', '09:00:00', '09:45:00'),
(60, 2, 7, 22, 'Czwartek', '09:55:00', '10:40:00'),
(61, 2, 4, 16, 'Czwartek', '10:50:00', '11:35:00'),
(62, 2, 13, 28, 'Czwartek', '11:45:00', '12:30:00'),
(63, 2, 3, 21, 'Czwartek', '12:40:00', '13:25:00'),
(64, 2, 8, 24, 'Piatek', '07:10:00', '07:55:00'),
(65, 2, 10, 23, 'Piatek', '08:05:00', '08:50:00'),
(66, 2, 5, 19, 'Piatek', '09:00:00', '09:45:00'),
(67, 2, 1, 15, 'Piatek', '09:55:00', '10:40:00'),
(68, 2, 12, 52, 'Piatek', '10:50:00', '11:35:00'),
(69, 2, 2, 17, 'Piatek', '11:45:00', '12:30:00'),
(70, 2, 9, 18, 'Piatek', '12:40:00', '13:25:00'),
(71, 3, 1, 29, 'Poniedzialek', '07:10:00', '07:55:00'),
(72, 3, 4, 30, 'Poniedzialek', '08:05:00', '08:50:00'),
(73, 3, 2, 31, 'Poniedzialek', '09:00:00', '09:45:00'),
(74, 3, 9, 32, 'Poniedzialek', '09:55:00', '10:40:00'),
(75, 3, 12, 53, 'Poniedzialek', '10:50:00', '11:35:00'),
(76, 3, 5, 33, 'Poniedzialek', '11:45:00', '12:30:00'),
(77, 3, 6, 34, 'Poniedzialek', '12:40:00', '13:25:00'),
(78, 3, 4, 30, 'Wtorek', '07:10:00', '07:55:00'),
(79, 3, 3, 35, 'Wtorek', '08:05:00', '08:50:00'),
(80, 3, 7, 36, 'Wtorek', '09:00:00', '09:45:00'),
(81, 3, 10, 37, 'Wtorek', '09:55:00', '10:40:00'),
(82, 3, 1, 29, 'Wtorek', '10:50:00', '11:35:00'),
(83, 3, 12, 54, 'Wtorek', '11:45:00', '12:30:00'),
(84, 3, 2, 31, 'Wtorek', '12:40:00', '13:25:00'),
(85, 3, 9, 32, 'Sroda', '07:10:00', '07:55:00'),
(86, 3, 5, 33, 'Sroda', '08:05:00', '08:50:00'),
(87, 3, 8, 38, 'Sroda', '09:00:00', '09:45:00'),
(88, 3, 4, 30, 'Sroda', '09:55:00', '10:40:00'),
(89, 3, 14, 39, 'Sroda', '10:50:00', '11:35:00'),
(90, 3, 1, 29, 'Sroda', '11:45:00', '12:30:00'),
(91, 3, 15, 40, 'Sroda', '12:40:00', '13:25:00'),
(92, 3, 2, 31, 'Czwartek', '07:10:00', '07:55:00'),
(93, 3, 6, 34, 'Czwartek', '08:05:00', '08:50:00'),
(94, 3, 11, 41, 'Czwartek', '09:00:00', '09:45:00'),
(95, 3, 7, 36, 'Czwartek', '09:55:00', '10:40:00'),
(96, 3, 4, 30, 'Czwartek', '10:50:00', '11:35:00'),
(97, 3, 13, 42, 'Czwartek', '11:45:00', '12:30:00'),
(98, 3, 3, 35, 'Czwartek', '12:40:00', '13:25:00'),
(99, 3, 8, 38, 'Piatek', '07:10:00', '07:55:00'),
(100, 3, 10, 37, 'Piatek', '08:05:00', '08:50:00'),
(101, 3, 5, 33, 'Piatek', '09:00:00', '09:45:00'),
(102, 3, 1, 29, 'Piatek', '09:55:00', '10:40:00'),
(103, 3, 12, 53, 'Piatek', '10:50:00', '11:35:00'),
(104, 3, 2, 31, 'Piatek', '11:45:00', '12:30:00'),
(105, 3, 9, 32, 'Piatek', '12:40:00', '13:25:00'),
(106, 4, 1, 43, 'Poniedzialek', '07:10:00', '07:55:00'),
(107, 4, 4, 44, 'Poniedzialek', '08:05:00', '08:50:00'),
(108, 4, 2, 45, 'Poniedzialek', '09:00:00', '09:45:00'),
(109, 4, 9, 46, 'Poniedzialek', '09:55:00', '10:40:00'),
(110, 4, 12, 54, 'Poniedzialek', '10:50:00', '11:35:00'),
(111, 4, 5, 47, 'Poniedzialek', '11:45:00', '12:30:00'),
(112, 4, 6, 48, 'Poniedzialek', '12:40:00', '13:25:00'),
(113, 4, 4, 44, 'Wtorek', '07:10:00', '07:55:00'),
(114, 4, 3, 49, 'Wtorek', '08:05:00', '08:50:00'),
(115, 4, 7, 50, 'Wtorek', '09:00:00', '09:45:00'),
(116, 4, 10, 1, 'Wtorek', '09:55:00', '10:40:00'),
(117, 4, 1, 43, 'Wtorek', '10:50:00', '11:35:00'),
(118, 4, 12, 51, 'Wtorek', '11:45:00', '12:30:00'),
(119, 4, 2, 45, 'Wtorek', '12:40:00', '13:25:00'),
(120, 4, 9, 46, 'Sroda', '07:10:00', '07:55:00'),
(121, 4, 5, 47, 'Sroda', '08:05:00', '08:50:00'),
(122, 4, 8, 2, 'Sroda', '09:00:00', '09:45:00'),
(123, 4, 4, 44, 'Sroda', '09:55:00', '10:40:00'),
(124, 4, 14, 3, 'Sroda', '10:50:00', '11:35:00'),
(125, 4, 1, 43, 'Sroda', '11:45:00', '12:30:00'),
(126, 4, 15, 4, 'Sroda', '12:40:00', '13:25:00'),
(127, 4, 2, 45, 'Czwartek', '07:10:00', '07:55:00'),
(128, 4, 6, 48, 'Czwartek', '08:05:00', '08:50:00'),
(129, 4, 11, 5, 'Czwartek', '09:00:00', '09:45:00'),
(130, 4, 7, 50, 'Czwartek', '09:55:00', '10:40:00'),
(131, 4, 4, 44, 'Czwartek', '10:50:00', '11:35:00'),
(132, 4, 13, 6, 'Czwartek', '11:45:00', '12:30:00'),
(133, 4, 3, 49, 'Czwartek', '12:40:00', '13:25:00'),
(134, 4, 8, 2, 'Piatek', '07:10:00', '07:55:00'),
(135, 4, 10, 1, 'Piatek', '08:05:00', '08:50:00'),
(136, 4, 5, 47, 'Piatek', '09:00:00', '09:45:00'),
(137, 4, 1, 43, 'Piatek', '09:55:00', '10:40:00'),
(138, 4, 12, 52, 'Piatek', '10:50:00', '11:35:00'),
(139, 4, 2, 45, 'Piatek', '11:45:00', '12:30:00'),
(140, 4, 9, 46, 'Piatek', '12:40:00', '13:25:00'),
(148, 18, 18, 1, 'Poniedzialek', '07:10:00', '07:55:00'),
(149, 18, 18, 1, 'Poniedzialek', '08:05:00', '08:50:00'),
(150, 18, 2, 2, 'Poniedzialek', '09:00:00', '09:45:00'),
(151, 18, 18, 1, 'Poniedzialek', '09:55:00', '10:40:00'),
(152, 18, 18, 1, 'Poniedzialek', '10:50:00', '11:35:00'),
(153, 18, 18, 1, 'Poniedzialek', '11:45:00', '12:30:00'),
(154, 18, 18, 1, 'Poniedzialek', '12:40:00', '13:25:00'),
(155, 18, 18, 1, 'Wtorek', '07:10:00', '07:55:00'),
(156, 18, 18, 1, 'Wtorek', '08:05:00', '08:50:00'),
(157, 18, 18, 1, 'Wtorek', '09:00:00', '09:45:00'),
(158, 18, 18, 1, 'Wtorek', '09:55:00', '10:40:00'),
(159, 18, 18, 1, 'Wtorek', '10:50:00', '11:35:00'),
(160, 18, 18, 1, 'Wtorek', '11:45:00', '12:30:00'),
(161, 18, 18, 1, 'Wtorek', '12:40:00', '13:25:00'),
(162, 18, 18, 1, 'Sroda', '07:10:00', '07:55:00'),
(163, 18, 2, 2, 'Sroda', '08:05:00', '08:50:00'),
(164, 18, 18, 1, 'Sroda', '09:00:00', '09:45:00'),
(165, 18, 18, 1, 'Sroda', '09:55:00', '10:40:00'),
(166, 18, 18, 1, 'Sroda', '10:50:00', '11:35:00'),
(167, 18, 18, 1, 'Sroda', '11:45:00', '12:30:00'),
(168, 18, 18, 1, 'Sroda', '12:40:00', '13:25:00'),
(169, 18, 18, 1, 'Czwartek', '07:10:00', '07:55:00'),
(170, 18, 18, 1, 'Czwartek', '08:05:00', '08:50:00'),
(171, 18, 18, 1, 'Czwartek', '09:00:00', '09:45:00'),
(172, 18, 18, 1, 'Czwartek', '09:55:00', '10:40:00'),
(173, 18, 18, 1, 'Czwartek', '10:50:00', '11:35:00'),
(174, 18, 18, 1, 'Czwartek', '11:45:00', '12:30:00'),
(175, 18, 18, 1, 'Czwartek', '12:40:00', '13:25:00'),
(176, 18, 18, 1, 'Piatek', '07:10:00', '07:55:00'),
(177, 18, 18, 1, 'Piatek', '08:05:00', '08:50:00'),
(178, 18, 18, 1, 'Piatek', '09:00:00', '09:45:00'),
(179, 18, 18, 1, 'Piatek', '09:55:00', '10:40:00'),
(180, 18, 18, 1, 'Piatek', '10:50:00', '11:35:00'),
(181, 18, 18, 1, 'Piatek', '11:45:00', '12:30:00'),
(182, 18, 18, 1, 'Piatek', '12:40:00', '13:25:00'),
(183, 10, 18, 1, 'Poniedzialek', '07:10:00', '07:55:00'),
(184, 10, 18, 1, 'Poniedzialek', '08:05:00', '08:50:00'),
(185, 10, 2, 2, 'Poniedzialek', '09:00:00', '09:45:00'),
(186, 10, 18, 1, 'Poniedzialek', '09:55:00', '10:40:00'),
(187, 10, 25, 3, 'Poniedzialek', '10:50:00', '11:35:00'),
(188, 10, 12, 51, 'Poniedzialek', '11:45:00', '12:30:00'),
(189, 10, 18, 1, 'Poniedzialek', '12:40:00', '13:25:00'),
(190, 10, 18, 1, 'Wtorek', '07:10:00', '07:55:00'),
(191, 10, 18, 1, 'Wtorek', '08:05:00', '08:50:00'),
(192, 10, 24, 4, 'Wtorek', '09:00:00', '09:45:00'),
(193, 10, 18, 1, 'Wtorek', '09:55:00', '10:40:00'),
(194, 10, 18, 1, 'Wtorek', '10:50:00', '11:35:00'),
(195, 10, 12, 52, 'Wtorek', '11:45:00', '12:30:00'),
(196, 10, 18, 1, 'Wtorek', '12:40:00', '13:25:00'),
(197, 10, 18, 1, 'Sroda', '07:10:00', '07:55:00'),
(198, 10, 2, 2, 'Sroda', '08:05:00', '08:50:00'),
(199, 10, 18, 1, 'Sroda', '09:00:00', '09:45:00'),
(200, 10, 18, 1, 'Sroda', '09:55:00', '10:40:00'),
(201, 10, 25, 3, 'Sroda', '10:50:00', '11:35:00'),
(202, 10, 18, 1, 'Sroda', '11:45:00', '12:30:00'),
(203, 10, 14, 5, 'Sroda', '12:40:00', '13:25:00'),
(204, 10, 18, 1, 'Czwartek', '07:10:00', '07:55:00'),
(205, 10, 18, 1, 'Czwartek', '08:05:00', '08:50:00'),
(206, 10, 24, 4, 'Czwartek', '09:00:00', '09:45:00'),
(207, 10, 18, 1, 'Czwartek', '09:55:00', '10:40:00'),
(208, 10, 12, 53, 'Czwartek', '10:50:00', '11:35:00'),
(209, 10, 18, 1, 'Czwartek', '11:45:00', '12:30:00'),
(210, 10, 18, 1, 'Czwartek', '12:40:00', '13:25:00'),
(211, 10, 18, 1, 'Piatek', '07:10:00', '07:55:00'),
(212, 10, 18, 1, 'Piatek', '08:05:00', '08:50:00'),
(213, 10, 2, 2, 'Piatek', '09:00:00', '09:45:00'),
(214, 10, 18, 1, 'Piatek', '09:55:00', '10:40:00'),
(215, 10, 25, 3, 'Piatek', '10:50:00', '11:35:00'),
(216, 10, 18, 1, 'Piatek', '11:45:00', '12:30:00'),
(217, 10, 15, 6, 'Piatek', '12:40:00', '13:25:00'),
(218, 11, 18, 7, 'Poniedzialek', '07:10:00', '07:55:00'),
(219, 11, 18, 7, 'Poniedzialek', '08:05:00', '08:50:00'),
(220, 11, 2, 8, 'Poniedzialek', '09:00:00', '09:45:00'),
(221, 11, 18, 7, 'Poniedzialek', '09:55:00', '10:40:00'),
(222, 11, 25, 9, 'Poniedzialek', '10:50:00', '11:35:00'),
(223, 11, 12, 54, 'Poniedzialek', '11:45:00', '12:30:00'),
(224, 11, 18, 7, 'Poniedzialek', '12:40:00', '13:25:00'),
(225, 11, 18, 7, 'Wtorek', '07:10:00', '07:55:00'),
(226, 11, 18, 7, 'Wtorek', '08:05:00', '08:50:00'),
(227, 11, 24, 10, 'Wtorek', '09:00:00', '09:45:00'),
(228, 11, 18, 7, 'Wtorek', '09:55:00', '10:40:00'),
(229, 11, 18, 7, 'Wtorek', '10:50:00', '11:35:00'),
(230, 11, 12, 51, 'Wtorek', '11:45:00', '12:30:00'),
(231, 11, 18, 7, 'Wtorek', '12:40:00', '13:25:00'),
(232, 11, 18, 7, 'Sroda', '07:10:00', '07:55:00'),
(233, 11, 2, 8, 'Sroda', '08:05:00', '08:50:00'),
(234, 11, 18, 7, 'Sroda', '09:00:00', '09:45:00'),
(235, 11, 18, 7, 'Sroda', '09:55:00', '10:40:00'),
(236, 11, 25, 9, 'Sroda', '10:50:00', '11:35:00'),
(237, 11, 18, 7, 'Sroda', '11:45:00', '12:30:00'),
(238, 11, 14, 11, 'Sroda', '12:40:00', '13:25:00'),
(239, 11, 18, 7, 'Czwartek', '07:10:00', '07:55:00'),
(240, 11, 18, 7, 'Czwartek', '08:05:00', '08:50:00'),
(241, 11, 24, 10, 'Czwartek', '09:00:00', '09:45:00'),
(242, 11, 18, 7, 'Czwartek', '09:55:00', '10:40:00'),
(243, 11, 12, 52, 'Czwartek', '10:50:00', '11:35:00'),
(244, 11, 18, 7, 'Czwartek', '11:45:00', '12:30:00'),
(245, 11, 18, 7, 'Czwartek', '12:40:00', '13:25:00'),
(246, 11, 18, 7, 'Piatek', '07:10:00', '07:55:00'),
(247, 11, 18, 7, 'Piatek', '08:05:00', '08:50:00'),
(248, 11, 2, 8, 'Piatek', '09:00:00', '09:45:00'),
(249, 11, 18, 7, 'Piatek', '09:55:00', '10:40:00'),
(250, 11, 25, 9, 'Piatek', '10:50:00', '11:35:00'),
(251, 11, 18, 7, 'Piatek', '11:45:00', '12:30:00'),
(252, 11, 15, 12, 'Piatek', '12:40:00', '13:25:00'),
(253, 12, 18, 13, 'Poniedzialek', '07:10:00', '07:55:00'),
(254, 12, 18, 13, 'Poniedzialek', '08:05:00', '08:50:00'),
(255, 12, 2, 14, 'Poniedzialek', '09:00:00', '09:45:00'),
(256, 12, 18, 13, 'Poniedzialek', '09:55:00', '10:40:00'),
(257, 12, 25, 15, 'Poniedzialek', '10:50:00', '11:35:00'),
(258, 12, 12, 53, 'Poniedzialek', '11:45:00', '12:30:00'),
(259, 12, 18, 13, 'Poniedzialek', '12:40:00', '13:25:00'),
(260, 12, 18, 13, 'Wtorek', '07:10:00', '07:55:00'),
(261, 12, 18, 13, 'Wtorek', '08:05:00', '08:50:00'),
(262, 12, 24, 16, 'Wtorek', '09:00:00', '09:45:00'),
(263, 12, 18, 13, 'Wtorek', '09:55:00', '10:40:00'),
(264, 12, 18, 13, 'Wtorek', '10:50:00', '11:35:00'),
(265, 12, 12, 54, 'Wtorek', '11:45:00', '12:30:00'),
(266, 12, 18, 13, 'Wtorek', '12:40:00', '13:25:00'),
(267, 12, 18, 13, 'Sroda', '07:10:00', '07:55:00'),
(268, 12, 2, 14, 'Sroda', '08:05:00', '08:50:00'),
(269, 12, 18, 13, 'Sroda', '09:00:00', '09:45:00'),
(270, 12, 18, 13, 'Sroda', '09:55:00', '10:40:00'),
(271, 12, 25, 15, 'Sroda', '10:50:00', '11:35:00'),
(272, 12, 18, 13, 'Sroda', '11:45:00', '12:30:00'),
(273, 12, 14, 17, 'Sroda', '12:40:00', '13:25:00'),
(274, 12, 18, 13, 'Czwartek', '07:10:00', '07:55:00'),
(275, 12, 18, 13, 'Czwartek', '08:05:00', '08:50:00'),
(276, 12, 24, 16, 'Czwartek', '09:00:00', '09:45:00'),
(277, 12, 18, 13, 'Czwartek', '09:55:00', '10:40:00'),
(278, 12, 12, 51, 'Czwartek', '10:50:00', '11:35:00'),
(279, 12, 18, 13, 'Czwartek', '11:45:00', '12:30:00'),
(280, 12, 18, 13, 'Czwartek', '12:40:00', '13:25:00'),
(281, 12, 18, 13, 'Piatek', '07:10:00', '07:55:00'),
(282, 12, 18, 13, 'Piatek', '08:05:00', '08:50:00'),
(283, 12, 2, 14, 'Piatek', '09:00:00', '09:45:00'),
(284, 12, 18, 13, 'Piatek', '09:55:00', '10:40:00'),
(285, 12, 25, 15, 'Piatek', '10:50:00', '11:35:00'),
(286, 12, 18, 13, 'Piatek', '11:45:00', '12:30:00'),
(287, 12, 15, 18, 'Piatek', '12:40:00', '13:25:00'),
(288, 5, 16, 20, 'Poniedzialek', '07:10:00', '07:55:00'),
(289, 5, 4, 21, 'Poniedzialek', '08:05:00', '08:50:00'),
(290, 5, 2, 22, 'Poniedzialek', '09:00:00', '09:45:00'),
(291, 5, 16, 20, 'Poniedzialek', '09:55:00', '10:40:00'),
(292, 5, 12, 51, 'Poniedzialek', '10:50:00', '11:35:00'),
(293, 5, 1, 23, 'Poniedzialek', '11:45:00', '12:30:00'),
(294, 5, 5, 24, 'Poniedzialek', '12:40:00', '13:25:00'),
(295, 5, 4, 21, 'Wtorek', '07:10:00', '07:55:00'),
(296, 5, 3, 25, 'Wtorek', '08:05:00', '08:50:00'),
(297, 5, 7, 26, 'Wtorek', '09:00:00', '09:45:00'),
(298, 5, 10, 27, 'Wtorek', '09:55:00', '10:40:00'),
(299, 5, 16, 20, 'Wtorek', '10:50:00', '11:35:00'),
(300, 5, 12, 52, 'Wtorek', '11:45:00', '12:30:00'),
(301, 5, 2, 22, 'Wtorek', '12:40:00', '13:25:00'),
(302, 5, 16, 20, 'Sroda', '07:10:00', '07:55:00'),
(303, 5, 4, 21, 'Sroda', '08:05:00', '08:50:00'),
(304, 5, 2, 22, 'Sroda', '09:00:00', '09:45:00'),
(305, 5, 16, 20, 'Sroda', '09:55:00', '10:40:00'),
(306, 5, 12, 51, 'Sroda', '10:50:00', '11:35:00'),
(307, 5, 1, 23, 'Sroda', '11:45:00', '12:30:00'),
(308, 5, 5, 24, 'Sroda', '12:40:00', '13:25:00'),
(309, 5, 4, 21, 'Czwartek', '07:10:00', '07:55:00'),
(310, 5, 3, 25, 'Czwartek', '08:05:00', '08:50:00'),
(311, 5, 7, 26, 'Czwartek', '09:00:00', '09:45:00'),
(312, 5, 10, 27, 'Czwartek', '09:55:00', '10:40:00'),
(313, 5, 16, 20, 'Czwartek', '10:50:00', '11:35:00'),
(314, 5, 12, 52, 'Czwartek', '11:45:00', '12:30:00'),
(315, 5, 2, 22, 'Czwartek', '12:40:00', '13:25:00'),
(316, 5, 16, 20, 'Piatek', '07:10:00', '07:55:00'),
(317, 5, 4, 21, 'Piatek', '08:05:00', '08:50:00'),
(318, 5, 2, 22, 'Piatek', '09:00:00', '09:45:00'),
(319, 5, 16, 20, 'Piatek', '09:55:00', '10:40:00'),
(320, 5, 12, 51, 'Piatek', '10:50:00', '11:35:00'),
(321, 5, 1, 23, 'Piatek', '11:45:00', '12:30:00'),
(322, 5, 5, 24, 'Piatek', '12:40:00', '13:25:00'),
(323, 6, 16, 30, 'Poniedzialek', '07:10:00', '07:55:00'),
(324, 6, 4, 31, 'Poniedzialek', '08:05:00', '08:50:00'),
(325, 6, 2, 32, 'Poniedzialek', '09:00:00', '09:45:00'),
(326, 6, 16, 30, 'Poniedzialek', '09:55:00', '10:40:00'),
(327, 6, 12, 53, 'Poniedzialek', '10:50:00', '11:35:00'),
(328, 6, 1, 33, 'Poniedzialek', '11:45:00', '12:30:00'),
(329, 6, 5, 34, 'Poniedzialek', '12:40:00', '13:25:00'),
(330, 6, 4, 31, 'Wtorek', '07:10:00', '07:55:00'),
(331, 6, 3, 35, 'Wtorek', '08:05:00', '08:50:00'),
(332, 6, 7, 36, 'Wtorek', '09:00:00', '09:45:00'),
(333, 6, 10, 37, 'Wtorek', '09:55:00', '10:40:00'),
(334, 6, 16, 30, 'Wtorek', '10:50:00', '11:35:00'),
(335, 6, 12, 54, 'Wtorek', '11:45:00', '12:30:00'),
(336, 6, 2, 32, 'Wtorek', '12:40:00', '13:25:00'),
(337, 6, 16, 30, 'Sroda', '07:10:00', '07:55:00'),
(338, 6, 4, 31, 'Sroda', '08:05:00', '08:50:00'),
(339, 6, 2, 32, 'Sroda', '09:00:00', '09:45:00'),
(340, 6, 16, 30, 'Sroda', '09:55:00', '10:40:00'),
(341, 6, 12, 53, 'Sroda', '10:50:00', '11:35:00'),
(342, 6, 1, 33, 'Sroda', '11:45:00', '12:30:00'),
(343, 6, 5, 34, 'Sroda', '12:40:00', '13:25:00'),
(344, 6, 4, 31, 'Czwartek', '07:10:00', '07:55:00'),
(345, 6, 3, 35, 'Czwartek', '08:05:00', '08:50:00'),
(346, 6, 7, 36, 'Czwartek', '09:00:00', '09:45:00'),
(347, 6, 10, 37, 'Czwartek', '09:55:00', '10:40:00'),
(348, 6, 16, 30, 'Czwartek', '10:50:00', '11:35:00'),
(349, 6, 12, 54, 'Czwartek', '11:45:00', '12:30:00'),
(350, 6, 2, 32, 'Czwartek', '12:40:00', '13:25:00'),
(351, 6, 16, 30, 'Piatek', '07:10:00', '07:55:00'),
(352, 6, 4, 31, 'Piatek', '08:05:00', '08:50:00'),
(353, 6, 2, 32, 'Piatek', '09:00:00', '09:45:00'),
(354, 6, 16, 30, 'Piatek', '09:55:00', '10:40:00'),
(355, 6, 12, 53, 'Piatek', '10:50:00', '11:35:00'),
(356, 6, 1, 33, 'Piatek', '11:45:00', '12:30:00'),
(357, 6, 5, 34, 'Piatek', '12:40:00', '13:25:00'),
(358, 7, 16, 40, 'Poniedzialek', '07:10:00', '07:55:00'),
(359, 7, 4, 41, 'Poniedzialek', '08:05:00', '08:50:00'),
(360, 7, 2, 42, 'Poniedzialek', '09:00:00', '09:45:00'),
(361, 7, 17, 43, 'Poniedzialek', '09:55:00', '10:40:00'),
(362, 7, 12, 51, 'Poniedzialek', '10:50:00', '11:35:00'),
(363, 7, 1, 44, 'Poniedzialek', '11:45:00', '12:30:00'),
(364, 7, 5, 45, 'Poniedzialek', '12:40:00', '13:25:00'),
(365, 7, 4, 41, 'Wtorek', '07:10:00', '07:55:00'),
(366, 7, 3, 46, 'Wtorek', '08:05:00', '08:50:00'),
(367, 7, 7, 47, 'Wtorek', '09:00:00', '09:45:00'),
(368, 7, 10, 48, 'Wtorek', '09:55:00', '10:40:00'),
(369, 7, 16, 40, 'Wtorek', '10:50:00', '11:35:00'),
(370, 7, 12, 52, 'Wtorek', '11:45:00', '12:30:00'),
(371, 7, 2, 42, 'Wtorek', '12:40:00', '13:25:00'),
(372, 7, 16, 40, 'Sroda', '07:10:00', '07:55:00'),
(373, 7, 4, 41, 'Sroda', '08:05:00', '08:50:00'),
(374, 7, 2, 42, 'Sroda', '09:00:00', '09:45:00'),
(375, 7, 17, 43, 'Sroda', '09:55:00', '10:40:00'),
(376, 7, 12, 51, 'Sroda', '10:50:00', '11:35:00'),
(377, 7, 1, 44, 'Sroda', '11:45:00', '12:30:00'),
(378, 7, 5, 45, 'Sroda', '12:40:00', '13:25:00'),
(379, 7, 4, 41, 'Czwartek', '07:10:00', '07:55:00'),
(380, 7, 3, 46, 'Czwartek', '08:05:00', '08:50:00'),
(381, 7, 7, 47, 'Czwartek', '09:00:00', '09:45:00'),
(382, 7, 10, 48, 'Czwartek', '09:55:00', '10:40:00'),
(383, 7, 16, 40, 'Czwartek', '10:50:00', '11:35:00'),
(384, 7, 12, 52, 'Czwartek', '11:45:00', '12:30:00'),
(385, 7, 2, 42, 'Czwartek', '12:40:00', '13:25:00'),
(386, 7, 16, 40, 'Piatek', '07:10:00', '07:55:00'),
(387, 7, 4, 41, 'Piatek', '08:05:00', '08:50:00'),
(388, 7, 2, 42, 'Piatek', '09:00:00', '09:45:00'),
(389, 7, 17, 43, 'Piatek', '09:55:00', '10:40:00'),
(390, 7, 12, 51, 'Piatek', '10:50:00', '11:35:00'),
(391, 7, 1, 44, 'Piatek', '11:45:00', '12:30:00'),
(392, 7, 5, 45, 'Piatek', '12:40:00', '13:25:00'),
(393, 8, 16, 50, 'Poniedzialek', '07:10:00', '07:55:00'),
(394, 8, 4, 11, 'Poniedzialek', '08:05:00', '08:50:00'),
(395, 8, 2, 12, 'Poniedzialek', '09:00:00', '09:45:00'),
(396, 8, 17, 13, 'Poniedzialek', '09:55:00', '10:40:00'),
(397, 8, 12, 53, 'Poniedzialek', '10:50:00', '11:35:00'),
(398, 8, 1, 14, 'Poniedzialek', '11:45:00', '12:30:00'),
(399, 8, 5, 15, 'Poniedzialek', '12:40:00', '13:25:00'),
(400, 8, 16, 50, 'Wtorek', '07:10:00', '07:55:00'),
(401, 8, 4, 11, 'Wtorek', '08:05:00', '08:50:00'),
(402, 8, 2, 12, 'Wtorek', '09:00:00', '09:45:00'),
(403, 8, 17, 13, 'Wtorek', '09:55:00', '10:40:00'),
(404, 8, 12, 53, 'Wtorek', '10:50:00', '11:35:00'),
(405, 8, 1, 14, 'Wtorek', '11:45:00', '12:30:00'),
(406, 8, 5, 15, 'Wtorek', '12:40:00', '13:25:00'),
(407, 8, 16, 50, 'Sroda', '07:10:00', '07:55:00'),
(408, 8, 4, 11, 'Sroda', '08:05:00', '08:50:00'),
(409, 8, 2, 12, 'Sroda', '09:00:00', '09:45:00'),
(410, 8, 17, 13, 'Sroda', '09:55:00', '10:40:00'),
(411, 8, 12, 53, 'Sroda', '10:50:00', '11:35:00'),
(412, 8, 1, 14, 'Sroda', '11:45:00', '12:30:00'),
(413, 8, 5, 15, 'Sroda', '12:40:00', '13:25:00'),
(414, 8, 16, 50, 'Czwartek', '07:10:00', '07:55:00'),
(415, 8, 4, 11, 'Czwartek', '08:05:00', '08:50:00'),
(416, 8, 2, 12, 'Czwartek', '09:00:00', '09:45:00'),
(417, 8, 17, 13, 'Czwartek', '09:55:00', '10:40:00'),
(418, 8, 12, 53, 'Czwartek', '10:50:00', '11:35:00'),
(419, 8, 1, 14, 'Czwartek', '11:45:00', '12:30:00'),
(420, 8, 5, 15, 'Czwartek', '12:40:00', '13:25:00'),
(421, 8, 16, 50, 'Piatek', '07:10:00', '07:55:00'),
(422, 8, 4, 11, 'Piatek', '08:05:00', '08:50:00'),
(423, 8, 2, 12, 'Piatek', '09:00:00', '09:45:00'),
(424, 8, 17, 13, 'Piatek', '09:55:00', '10:40:00'),
(425, 8, 12, 53, 'Piatek', '10:50:00', '11:35:00'),
(426, 8, 1, 14, 'Piatek', '11:45:00', '12:30:00'),
(427, 8, 5, 15, 'Piatek', '12:40:00', '13:25:00'),
(435, 9, 16, 50, 'Poniedzialek', '07:10:00', '07:55:00'),
(436, 9, 4, 16, 'Poniedzialek', '08:05:00', '08:50:00'),
(437, 9, 2, 17, 'Poniedzialek', '09:00:00', '09:45:00'),
(438, 9, 17, 18, 'Poniedzialek', '09:55:00', '10:40:00'),
(439, 9, 12, 54, 'Poniedzialek', '10:50:00', '11:35:00'),
(440, 9, 1, 19, 'Poniedzialek', '11:45:00', '12:30:00'),
(441, 9, 5, 20, 'Poniedzialek', '12:40:00', '13:25:00'),
(442, 9, 16, 50, 'Wtorek', '07:10:00', '07:55:00'),
(443, 9, 4, 16, 'Wtorek', '08:05:00', '08:50:00'),
(444, 9, 2, 17, 'Wtorek', '09:00:00', '09:45:00'),
(445, 9, 17, 18, 'Wtorek', '09:55:00', '10:40:00'),
(446, 9, 12, 54, 'Wtorek', '10:50:00', '11:35:00'),
(447, 9, 1, 19, 'Wtorek', '11:45:00', '12:30:00'),
(448, 9, 5, 20, 'Wtorek', '12:40:00', '13:25:00'),
(449, 9, 16, 50, 'Sroda', '07:10:00', '07:55:00'),
(450, 9, 4, 16, 'Sroda', '08:05:00', '08:50:00'),
(451, 9, 2, 17, 'Sroda', '09:00:00', '09:45:00'),
(452, 9, 17, 18, 'Sroda', '09:55:00', '10:40:00'),
(453, 9, 12, 54, 'Sroda', '10:50:00', '11:35:00'),
(454, 9, 1, 19, 'Sroda', '11:45:00', '12:30:00'),
(455, 9, 5, 20, 'Sroda', '12:40:00', '13:25:00'),
(456, 9, 16, 50, 'Czwartek', '07:10:00', '07:55:00'),
(457, 9, 4, 16, 'Czwartek', '08:05:00', '08:50:00'),
(458, 9, 2, 17, 'Czwartek', '09:00:00', '09:45:00'),
(459, 9, 17, 18, 'Czwartek', '09:55:00', '10:40:00'),
(460, 9, 12, 54, 'Czwartek', '10:50:00', '11:35:00'),
(461, 9, 1, 19, 'Czwartek', '11:45:00', '12:30:00'),
(462, 9, 5, 20, 'Czwartek', '12:40:00', '13:25:00'),
(463, 9, 16, 50, 'Piatek', '07:10:00', '07:55:00'),
(464, 9, 4, 16, 'Piatek', '08:05:00', '08:50:00'),
(465, 9, 2, 17, 'Piatek', '09:00:00', '09:45:00'),
(466, 9, 17, 18, 'Piatek', '09:55:00', '10:40:00'),
(467, 9, 12, 54, 'Piatek', '10:50:00', '11:35:00'),
(468, 9, 1, 19, 'Piatek', '11:45:00', '12:30:00'),
(469, 9, 5, 20, 'Piatek', '12:40:00', '13:25:00'),
(470, 13, 1, 1, 'Poniedzialek', '07:10:00', '07:55:00'),
(471, 13, 4, 2, 'Poniedzialek', '08:05:00', '08:50:00'),
(472, 13, 2, 3, 'Poniedzialek', '09:00:00', '09:45:00'),
(473, 13, 19, 4, 'Poniedzialek', '09:55:00', '10:40:00'),
(474, 13, 12, 51, 'Poniedzialek', '10:50:00', '11:35:00'),
(475, 13, 24, 5, 'Poniedzialek', '11:45:00', '12:30:00'),
(476, 13, 25, 6, 'Poniedzialek', '12:40:00', '13:25:00'),
(477, 13, 4, 2, 'Wtorek', '07:10:00', '07:55:00'),
(478, 13, 2, 3, 'Wtorek', '08:05:00', '08:50:00'),
(479, 13, 1, 1, 'Wtorek', '09:00:00', '09:45:00'),
(480, 13, 19, 4, 'Wtorek', '09:55:00', '10:40:00'),
(481, 13, 11, 7, 'Wtorek', '10:50:00', '11:35:00'),
(482, 13, 14, 8, 'Wtorek', '11:45:00', '12:30:00'),
(483, 13, 12, 52, 'Wtorek', '12:40:00', '13:25:00'),
(484, 13, 9, 9, 'Sroda', '07:10:00', '07:55:00'),
(485, 13, 4, 2, 'Sroda', '08:05:00', '08:50:00'),
(486, 13, 2, 3, 'Sroda', '09:00:00', '09:45:00'),
(487, 13, 1, 1, 'Sroda', '09:55:00', '10:40:00'),
(488, 13, 25, 6, 'Sroda', '10:50:00', '11:35:00'),
(489, 13, 24, 5, 'Sroda', '11:45:00', '12:30:00'),
(490, 13, 15, 10, 'Sroda', '12:40:00', '13:25:00'),
(491, 13, 1, 1, 'Czwartek', '07:10:00', '07:55:00'),
(492, 13, 4, 2, 'Czwartek', '08:05:00', '08:50:00'),
(493, 13, 2, 3, 'Czwartek', '09:00:00', '09:45:00'),
(494, 13, 19, 4, 'Czwartek', '09:55:00', '10:40:00'),
(495, 13, 11, 7, 'Czwartek', '10:50:00', '11:35:00'),
(496, 13, 12, 53, 'Czwartek', '11:45:00', '12:30:00'),
(497, 13, 9, 9, 'Czwartek', '12:40:00', '13:25:00'),
(498, 13, 4, 2, 'Piatek', '07:10:00', '07:55:00'),
(499, 13, 2, 3, 'Piatek', '08:05:00', '08:50:00'),
(500, 13, 1, 1, 'Piatek', '09:00:00', '09:45:00'),
(501, 13, 25, 6, 'Piatek', '09:55:00', '10:40:00'),
(502, 13, 24, 5, 'Piatek', '10:50:00', '11:35:00'),
(503, 13, 12, 54, 'Piatek', '11:45:00', '12:30:00'),
(504, 13, 14, 8, 'Piatek', '12:40:00', '13:25:00'),
(505, 14, 1, 11, 'Poniedzialek', '07:10:00', '07:55:00'),
(506, 14, 4, 12, 'Poniedzialek', '08:05:00', '08:50:00'),
(507, 14, 2, 13, 'Poniedzialek', '09:00:00', '09:45:00'),
(508, 14, 8, 14, 'Poniedzialek', '09:55:00', '10:40:00'),
(509, 14, 12, 51, 'Poniedzialek', '10:50:00', '11:35:00'),
(510, 14, 7, 15, 'Poniedzialek', '11:45:00', '12:30:00'),
(511, 14, 9, 16, 'Poniedzialek', '12:40:00', '13:25:00'),
(512, 14, 4, 12, 'Wtorek', '07:10:00', '07:55:00'),
(513, 14, 2, 13, 'Wtorek', '08:05:00', '08:50:00'),
(514, 14, 1, 11, 'Wtorek', '09:00:00', '09:45:00'),
(515, 14, 11, 17, 'Wtorek', '09:55:00', '10:40:00'),
(516, 14, 14, 18, 'Wtorek', '10:50:00', '11:35:00'),
(517, 14, 12, 52, 'Wtorek', '11:45:00', '12:30:00'),
(518, 14, 25, 19, 'Wtorek', '12:40:00', '13:25:00'),
(519, 14, 9, 16, 'Sroda', '07:10:00', '07:55:00'),
(520, 14, 4, 12, 'Sroda', '08:05:00', '08:50:00'),
(521, 14, 2, 13, 'Sroda', '09:00:00', '09:45:00'),
(522, 14, 1, 11, 'Sroda', '09:55:00', '10:40:00'),
(523, 14, 8, 14, 'Sroda', '10:50:00', '11:35:00'),
(524, 14, 24, 20, 'Sroda', '11:45:00', '12:30:00'),
(525, 14, 15, 21, 'Sroda', '12:40:00', '13:25:00'),
(526, 14, 1, 11, 'Czwartek', '07:10:00', '07:55:00'),
(527, 14, 4, 12, 'Czwartek', '08:05:00', '08:50:00'),
(528, 14, 2, 13, 'Czwartek', '09:00:00', '09:45:00'),
(529, 14, 7, 15, 'Czwartek', '09:55:00', '10:40:00'),
(530, 14, 11, 17, 'Czwartek', '10:50:00', '11:35:00'),
(531, 14, 12, 53, 'Czwartek', '11:45:00', '12:30:00'),
(532, 14, 25, 19, 'Czwartek', '12:40:00', '13:25:00'),
(533, 14, 4, 12, 'Piatek', '07:10:00', '07:55:00'),
(534, 14, 2, 13, 'Piatek', '08:05:00', '08:50:00'),
(535, 14, 1, 11, 'Piatek', '09:00:00', '09:45:00'),
(536, 14, 24, 20, 'Piatek', '09:55:00', '10:40:00'),
(537, 14, 14, 18, 'Piatek', '10:50:00', '11:35:00'),
(538, 14, 12, 54, 'Piatek', '11:45:00', '12:30:00'),
(539, 14, 9, 16, 'Piatek', '12:40:00', '13:25:00'),
(540, 15, 1, 21, 'Poniedzialek', '07:10:00', '07:55:00'),
(541, 15, 4, 22, 'Poniedzialek', '08:05:00', '08:50:00'),
(542, 15, 2, 23, 'Poniedzialek', '09:00:00', '09:45:00'),
(543, 15, 7, 24, 'Poniedzialek', '09:55:00', '10:40:00'),
(544, 15, 12, 51, 'Poniedzialek', '10:50:00', '11:35:00'),
(545, 15, 8, 25, 'Poniedzialek', '11:45:00', '12:30:00'),
(546, 15, 9, 26, 'Poniedzialek', '12:40:00', '13:25:00'),
(547, 15, 4, 22, 'Wtorek', '07:10:00', '07:55:00'),
(548, 15, 2, 23, 'Wtorek', '08:05:00', '08:50:00'),
(549, 15, 1, 21, 'Wtorek', '09:00:00', '09:45:00'),
(550, 15, 11, 27, 'Wtorek', '09:55:00', '10:40:00'),
(551, 15, 14, 28, 'Wtorek', '10:50:00', '11:35:00'),
(552, 15, 12, 52, 'Wtorek', '11:45:00', '12:30:00'),
(553, 15, 24, 29, 'Wtorek', '12:40:00', '13:25:00'),
(554, 15, 9, 26, 'Sroda', '07:10:00', '07:55:00'),
(555, 15, 4, 22, 'Sroda', '08:05:00', '08:50:00'),
(556, 15, 2, 23, 'Sroda', '09:00:00', '09:45:00'),
(557, 15, 1, 21, 'Sroda', '09:55:00', '10:40:00'),
(558, 15, 7, 24, 'Sroda', '10:50:00', '11:35:00'),
(559, 15, 25, 30, 'Sroda', '11:45:00', '12:30:00'),
(560, 15, 15, 31, 'Sroda', '12:40:00', '13:25:00'),
(561, 15, 1, 21, 'Czwartek', '07:10:00', '07:55:00'),
(562, 15, 4, 22, 'Czwartek', '08:05:00', '08:50:00'),
(563, 15, 2, 23, 'Czwartek', '09:00:00', '09:45:00'),
(564, 15, 8, 25, 'Czwartek', '09:55:00', '10:40:00'),
(565, 15, 11, 27, 'Czwartek', '10:50:00', '11:35:00'),
(566, 15, 12, 53, 'Czwartek', '11:45:00', '12:30:00'),
(567, 15, 24, 29, 'Czwartek', '12:40:00', '13:25:00'),
(568, 15, 4, 22, 'Piatek', '07:10:00', '07:55:00'),
(569, 15, 2, 23, 'Piatek', '08:05:00', '08:50:00'),
(570, 15, 1, 21, 'Piatek', '09:00:00', '09:45:00'),
(571, 15, 25, 30, 'Piatek', '09:55:00', '10:40:00'),
(572, 15, 14, 28, 'Piatek', '10:50:00', '11:35:00'),
(573, 15, 12, 54, 'Piatek', '11:45:00', '12:30:00'),
(574, 15, 9, 26, 'Piatek', '12:40:00', '13:25:00'),
(575, 16, 1, 32, 'Poniedzialek', '07:10:00', '07:55:00'),
(576, 16, 4, 33, 'Poniedzialek', '08:05:00', '08:50:00'),
(577, 16, 2, 34, 'Poniedzialek', '09:00:00', '09:45:00'),
(578, 16, 7, 35, 'Poniedzialek', '09:55:00', '10:40:00'),
(579, 16, 12, 51, 'Poniedzialek', '10:50:00', '11:35:00'),
(580, 16, 8, 36, 'Poniedzialek', '11:45:00', '12:30:00'),
(581, 16, 9, 37, 'Poniedzialek', '12:40:00', '13:25:00'),
(582, 16, 4, 33, 'Wtorek', '07:10:00', '07:55:00'),
(583, 16, 2, 34, 'Wtorek', '08:05:00', '08:50:00'),
(584, 16, 1, 32, 'Wtorek', '09:00:00', '09:45:00'),
(585, 16, 11, 38, 'Wtorek', '09:55:00', '10:40:00'),
(586, 16, 5, 39, 'Wtorek', '10:50:00', '11:35:00'),
(587, 16, 12, 52, 'Wtorek', '11:45:00', '12:30:00'),
(588, 16, 14, 40, 'Wtorek', '12:40:00', '13:25:00'),
(589, 16, 9, 37, 'Sroda', '07:10:00', '07:55:00'),
(590, 16, 4, 33, 'Sroda', '08:05:00', '08:50:00'),
(591, 16, 2, 34, 'Sroda', '09:00:00', '09:45:00'),
(592, 16, 1, 32, 'Sroda', '09:55:00', '10:40:00'),
(593, 16, 6, 41, 'Sroda', '10:50:00', '11:35:00'),
(594, 16, 10, 42, 'Sroda', '11:45:00', '12:30:00'),
(595, 16, 15, 43, 'Sroda', '12:40:00', '13:25:00'),
(596, 16, 1, 32, 'Czwartek', '07:10:00', '07:55:00'),
(597, 16, 4, 33, 'Czwartek', '08:05:00', '08:50:00'),
(598, 16, 2, 34, 'Czwartek', '09:00:00', '09:45:00'),
(599, 16, 8, 36, 'Czwartek', '09:55:00', '10:40:00'),
(600, 16, 11, 38, 'Czwartek', '10:50:00', '11:35:00'),
(601, 16, 12, 53, 'Czwartek', '11:45:00', '12:30:00'),
(602, 16, 7, 35, 'Czwartek', '12:40:00', '13:25:00'),
(603, 16, 4, 33, 'Piatek', '07:10:00', '07:55:00'),
(604, 16, 2, 34, 'Piatek', '08:05:00', '08:50:00'),
(605, 16, 1, 32, 'Piatek', '09:00:00', '09:45:00'),
(606, 16, 5, 39, 'Piatek', '09:55:00', '10:40:00'),
(607, 16, 13, 44, 'Piatek', '10:50:00', '11:35:00'),
(608, 16, 12, 54, 'Piatek', '11:45:00', '12:30:00'),
(609, 16, 24, 45, 'Piatek', '12:40:00', '13:25:00'),
(610, 17, 1, 46, 'Poniedzialek', '07:10:00', '07:55:00'),
(611, 17, 4, 47, 'Poniedzialek', '08:05:00', '08:50:00'),
(612, 17, 2, 48, 'Poniedzialek', '09:00:00', '09:45:00'),
(613, 17, 7, 49, 'Poniedzialek', '09:55:00', '10:40:00'),
(614, 17, 12, 51, 'Poniedzialek', '10:50:00', '11:35:00'),
(615, 17, 8, 50, 'Poniedzialek', '11:45:00', '12:30:00'),
(616, 17, 9, 37, 'Poniedzialek', '12:40:00', '13:25:00'),
(617, 17, 4, 47, 'Wtorek', '07:10:00', '07:55:00'),
(618, 17, 2, 48, 'Wtorek', '08:05:00', '08:50:00'),
(619, 17, 1, 46, 'Wtorek', '09:00:00', '09:45:00'),
(620, 17, 11, 38, 'Wtorek', '09:55:00', '10:40:00'),
(621, 17, 5, 39, 'Wtorek', '10:50:00', '11:35:00'),
(622, 17, 12, 52, 'Wtorek', '11:45:00', '12:30:00'),
(623, 17, 14, 40, 'Wtorek', '12:40:00', '13:25:00'),
(624, 17, 9, 37, 'Sroda', '07:10:00', '07:55:00'),
(625, 17, 4, 47, 'Sroda', '08:05:00', '08:50:00'),
(626, 17, 2, 48, 'Sroda', '09:00:00', '09:45:00'),
(627, 17, 1, 46, 'Sroda', '09:55:00', '10:40:00'),
(628, 17, 6, 41, 'Sroda', '10:50:00', '11:35:00'),
(629, 17, 10, 42, 'Sroda', '11:45:00', '12:30:00'),
(630, 17, 15, 43, 'Sroda', '12:40:00', '13:25:00'),
(631, 17, 1, 46, 'Czwartek', '07:10:00', '07:55:00'),
(632, 17, 4, 47, 'Czwartek', '08:05:00', '08:50:00'),
(633, 17, 2, 48, 'Czwartek', '09:00:00', '09:45:00'),
(634, 17, 8, 50, 'Czwartek', '09:55:00', '10:40:00'),
(635, 17, 11, 38, 'Czwartek', '10:50:00', '11:35:00'),
(636, 17, 12, 53, 'Czwartek', '11:45:00', '12:30:00'),
(637, 17, 7, 49, 'Czwartek', '12:40:00', '13:25:00'),
(638, 17, 4, 47, 'Piatek', '07:10:00', '07:55:00'),
(639, 17, 2, 48, 'Piatek', '08:05:00', '08:50:00'),
(640, 17, 1, 46, 'Piatek', '09:00:00', '09:45:00'),
(641, 17, 5, 39, 'Piatek', '09:55:00', '10:40:00'),
(642, 17, 13, 44, 'Piatek', '10:50:00', '11:35:00'),
(643, 17, 12, 54, 'Piatek', '11:45:00', '12:30:00'),
(644, 17, 25, 45, 'Piatek', '12:40:00', '13:25:00');

-- --------------------------------------------------------

--
-- Struktura tabeli dla tabeli `przedmioty`
--

CREATE TABLE `przedmioty` (
  `id` int(11) NOT NULL,
  `nazwa` varchar(100) NOT NULL
) ENGINE=InnoDB DEFAULT CHARSET=utf8mb4;

--
-- Zrzut danych tabeli `przedmioty`
--

INSERT INTO `przedmioty` (`id`, `nazwa`) VALUES
(1, 'Język polski'),
(2, 'Język angielski'),
(3, 'Język niemiecki'),
(4, 'Matematyka'),
(5, 'Fizyka'),
(6, 'Chemia'),
(7, 'Biologia'),
(8, 'Geografia'),
(9, 'Historia'),
(10, 'Wiedza o społeczeństwie'),
(11, 'Informatyka'),
(12, 'Wychowanie fizyczne'),
(13, 'Edukacja dla bezpieczeństwa'),
(14, 'Religia'),
(15, 'Godzina wychowawcza'),
(16, 'Przedmioty zawodowe'),
(17, 'Praktyki zawodowe'),
(18, 'Edukacja wczesnoszkolna'),
(19, 'Przyroda'),
(20, 'Historia'),
(21, 'Geografia'),
(22, 'Biologia'),
(23, 'Informatyka'),
(24, 'Plastyka'),
(25, 'Muzyka'),
(26, 'Technika'),
(27, 'Zajęcia przedszkolne'),
(28, 'Logopedia'),
(29, 'Rytmika');

-- --------------------------------------------------------

--
-- Struktura tabeli dla tabeli `sale`
--

CREATE TABLE `sale` (
  `id` int(11) NOT NULL,
  `numer` varchar(10) NOT NULL
) ENGINE=InnoDB DEFAULT CHARSET=utf8mb4;

--
-- Zrzut danych tabeli `sale`
--

INSERT INTO `sale` (`id`, `numer`) VALUES
(1, '1'),
(2, '2'),
(3, '3'),
(4, '4'),
(5, '5'),
(6, '6'),
(7, '7'),
(8, '8'),
(9, '9'),
(10, '10'),
(11, '11'),
(12, '12'),
(13, '13'),
(14, '14'),
(15, '15'),
(16, '16'),
(17, '17'),
(18, '18'),
(19, '19'),
(20, '20'),
(21, '21'),
(22, '22'),
(23, '23'),
(24, '24'),
(25, '25'),
(26, '26'),
(27, '27'),
(28, '28'),
(29, '29'),
(30, '30'),
(31, '31'),
(32, '32'),
(33, '33'),
(34, '34'),
(35, '35'),
(36, '36'),
(37, '37'),
(38, '38'),
(39, '39'),
(40, '40'),
(41, '41'),
(42, '42'),
(43, '43'),
(44, '44'),
(45, '45'),
(46, '46'),
(47, '47'),
(48, '48'),
(49, '49'),
(50, '50'),
(51, '1wf'),
(52, '2wf'),
(53, '3wf'),
(54, '4wf'),
(55, '5wf');

-- --------------------------------------------------------

--
-- Struktura tabeli dla tabeli `typy_szkol`
--

CREATE TABLE `typy_szkol` (
  `id` int(11) NOT NULL,
  `nazwa` enum('Liceum','Technikum','Szkola Podstawowa','Przedszkole') NOT NULL
) ENGINE=InnoDB DEFAULT CHARSET=utf8mb4;

--
-- Zrzut danych tabeli `typy_szkol`
--

INSERT INTO `typy_szkol` (`id`, `nazwa`) VALUES
(1, 'Liceum'),
(2, 'Technikum'),
(3, 'Szkola Podstawowa'),
(4, 'Przedszkole');

-- --------------------------------------------------------

--
-- Struktura tabeli dla tabeli `uczniowie`
--

CREATE TABLE `uczniowie` (
  `id` int(11) NOT NULL,
  `imie` varchar(50) NOT NULL,
  `nazwisko` varchar(50) NOT NULL,
  `id_klasy` int(11) NOT NULL,
  `login` varchar(50) NOT NULL,
  `haslo` varchar(255) NOT NULL
) ENGINE=InnoDB DEFAULT CHARSET=utf8mb4;

--
-- Zrzut danych tabeli `uczniowie`
--

INSERT INTO `uczniowie` (`id`, `imie`, `nazwisko`, `id_klasy`, `login`, `haslo`) VALUES
(1, 'Tomasz', 'Nowak', 1, 'tomasz_nosdfwak3123', 'tomasznowak123'),
(2, 'Joanna', 'Kowalczyk', 1, 'joannasfd_kowalczyk1233', 'joannakowalczyk123'),
(3, 'Zofia', 'Dąbrowski', 1, 'zofia_dąbrowski1323', 'zofiadąbrowski123'),
(4, 'Jan', 'Dąbrowski', 1, 'jan_dąbrowski13231', 'jandąbrowski123'),
(5, 'Jan', 'Mazur', 1, 'jan_mazufsdfsdr4433', 'jsdfanmazur123'),
(6, 'Tomasz', 'Lewandowski', 1, 'tomassdfsz_lewandowski23', 'tomaszlewandowski123'),
(7, 'Zofia', 'Woźniak', 1, 'zofia_wdfoźdrfsdniak432', 'zofiawoźniak123'),
(8, 'Joanna', 'Krawczyk', 1, 'joanna_krawczyk1234', 'joannakrawczyk123'),
(9, 'Jan', 'Jankowski', 1, 'jan_janksdfowsqwerki111', 'janjankowski123'),
(10, 'Maria', 'Wiśniewski', 1, 'maria_wiśniewski222', 'mariawiśniewski123'),
(11, 'Maria', 'Jankowski', 1, 'maria_janwqerkowski555', 'mariajankowski123'),
(12, 'Maria', 'Mazur', 1, 'maria_mazur55werq55', 'mariamazur123'),
(13, 'Krzysztof', 'Kozłowski', 1, 'krzysztof_kowrqezłowskiq3', 'krzysztofkozłowski123'),
(14, 'Michał', 'Jankowski', 1, 'michał_jankowsrqwekiddd', 'michałjankowski123'),
(15, 'Jan', 'Krawczyk', 1, 'jan_krawczykffff', 'jankrawczyk123'),
(16, 'Marek', 'Jankowski', 2, 'marek_jankowski', 'marekjankowski123'),
(17, 'Krzysztof', 'Dąbrowski', 2, 'krzysztof_dąqwerweqbrowski', 'krzysztofdąbrowski123'),
(18, 'Katarzyna', 'Kozłowski', 2, 'katarzqwerqeryna_kozłowski', 'katarzynakozłowski123'),
(19, 'Tomasz', 'Nowak', 2, 'tomaszqwerqwer_nowak1', 'tomasznowak123'),
(20, 'Magdalena', 'Lewandowski', 2, 'magdaqwerqwerlena_lewandowski', 'magdalenalewandowski123'),
(21, 'Anna', 'Dąbrowski', 2, 'anna_dweqrwqerqwąbrowski', 'annadąbrowski123'),
(22, 'Tomasz', 'Wiśniewski', 2, 'tomasz_wrqwerqrwiśniewski', 'tomaszwiśniewski123'),
(23, 'Michał', 'Nowak', 2, 'michałfasdfasd_nowak', 'michałnowak123'),
(24, 'Magdalena', 'Wójcik', 2, 'magdaleasdfasna_wójcik', 'magdalenawójcik123'),
(25, 'Ewa', 'Dąbrowski', 2, 'ewa_dąbrowsqwefwfqeqwefki', 'ewadąbrowski123'),
(26, 'Magdalena', 'Nowak', 2, 'magdalfweena_nowak', 'magdalenanowak123'),
(27, 'Agnieszka', 'Szymański', 2, 'agniewefwfeszka_szymański', 'agnieszkaszymański123'),
(28, 'Paweł', 'Szymański', 2, 'pawweffqweeł_szymański', 'pawełszymański123'),
(29, 'Anna', 'Woźniak', 2, 'anna_woźnefwqefiak', 'annawoźniak123'),
(30, 'Maria', 'Lewandowski', 2, 'maria_lefqwefwewandowski', 'marialewandowski123'),
(31, 'Magdalena', 'Nowak', 3, 'mfewwefefqwagdalena_nowak1', 'magdalenanowak123'),
(32, 'Piotr', 'Lewandowski', 3, 'pioqwefqwefeftr_lewandowski', 'piotrlewandowski123'),
(33, 'Michał', 'Kamiński', 3, 'michał_fqwefqwfwqekamiński', 'michałkamiński123'),
(34, 'Tomasz', 'Dąbrowski', 3, 'tomasz_asdfasfasdfadąbrowski', 'tomaszdąbrowski123'),
(35, 'Katarzyna', 'Krawczyk', 3, 'katarzynaasdfsadf_krawczyk', 'katarzynakrawczyk123'),
(36, 'Maria', 'Krawczyk', 3, 'maria_kraasdfswczyk', 'mariakrawczyk123'),
(37, 'Joanna', 'Wójcik', 3, 'joanasdfasdna_wójcik', 'joannawójcik123'),
(38, 'Krzysztof', 'Zieliński', 3, 'krzysasdfaztof_zieliński', 'krzysztofzieliński123'),
(39, 'Krzysztof', 'Jankowski', 3, 'krzysasdfztof_jankowski', 'krzysztofjankowski123'),
(40, 'Tomasz', 'Kozłowski', 3, 'tomasz_kozsdfasdłowski', 'tomaszkozłowski123'),
(41, 'Zofia', 'Szymański', 3, 'zofisadfasdfa_szymański', 'zofiaszymański123'),
(42, 'Joanna', 'Kowalczyk', 3, 'joanna_kowasdffasdfalczyk1', 'joannakowalczyk123'),
(43, 'Paweł', 'Kamiński', 3, 'paweł_kfasdfaamiński', 'pawełkamiński123'),
(44, 'Michał', 'Kozłowski', 3, 'michał_qwefqwefkozłowski', 'michałkozłowski123'),
(45, 'Magdalena', 'Dąbrowski', 3, 'magdqwefqwfefalena_dąbrowski', 'magdalenadąbrowski123'),
(46, 'Maria', 'Mazur', 4, 'maria_mafqwefzur1', 'mariamazur123'),
(47, 'Anna', 'Wójcik', 4, 'annafewfq_wójcik', 'annawójcik123'),
(48, 'Katarzyna', 'Nowak', 4, 'katawefqrzyna_nowak', 'katarzynanowak123'),
(49, 'Magdalena', 'Jankowski', 4, 'magdalwefena_jankowski', 'magdalenajankowski123'),
(50, 'Joanna', 'Nowak', 4, 'jofqwefqwefqweanna_nowak', 'joannanowak123'),
(51, 'Piotr', 'Kamiński', 4, 'piotr_kamfqwefwefiński', 'piotrkamiński123'),
(52, 'Tomasz', 'Kozłowski', 4, 'tomasz_kozłowfqwfqwski1', 'tomaszkozłowski123'),
(53, 'Tomasz', 'Kowalski', 4, 'tomasz_kqwefeqwowalski', 'tomaszkowalski123'),
(54, 'Katarzyna', 'Wójcik', 4, 'katarfqwefwqfzyna_wójcik', 'katarzynawójcik123'),
(55, 'Jan', 'Zieliński', 4, 'jan_ziefqwefqwefliński', 'janzieliński123'),
(56, 'Agnieszka', 'Dąbrowski', 4, 'agnieszkaqwefwef_dąbrowski', 'agnieszkadąbrowski123'),
(57, 'Katarzyna', 'Zieliński', 4, 'katarzyna_qwefwqefzieliński', 'katarzynazieliński123'),
(58, 'Zofia', 'Woźniak', 4, 'zofia_wqwfefqwefewfoźniak1', 'zofiawoźniak123'),
(59, 'Jan', 'Kowalczyk', 4, 'jan_kcasdfwefqweowalczyk', 'jankowalczyk123'),
(60, 'Jan', 'Zieliński', 4, 'jan_zielińrqweski1', 'janzieliński123'),
(61, 'Ewa', 'Woźniak', 5, 'ewa_wqwerwerqoźniak', 'ewawoźniak123'),
(62, 'Katarzyna', 'Woźniak', 5, 'katarzqwerrqweyna_woźniak', 'katarzynawoźniak123'),
(63, 'Maria', 'Kowalczyk', 5, 'mariqwerwerqwerqwa_kowalczyk', 'mariakowalczyk123'),
(64, 'Agnieszka', 'Nowak', 5, 'agniesfasdfasdasdfsaszka_nowak', 'agnieszkanowak123'),
(65, 'Marek', 'Zieliński', 5, 'marek_zasdffdieliński', 'marekzieliński123'),
(66, 'Joanna', 'Zieliński', 5, 'joannaasdfasfafasd_zieliński', 'joannazieliński123'),
(67, 'Tomasz', 'Mazur', 5, 'tomaasdfadsz_mazur', 'tomaszmazur123'),
(68, 'Magdalena', 'Kowalski', 5, 'maasdfgdalena_kowalski', 'magdalenakowalski123'),
(69, 'Piotr', 'Nowak', 5, 'piotr_asdfnowak', 'piotrnowak123'),
(70, 'Michał', 'Dąbrowski', 5, 'michał_asdfdąbrowski', 'michałdąbrowski123'),
(71, 'Agnieszka', 'Zieliński', 5, 'agnieszasdfka_zieliński', 'agnieszkazieliński123'),
(72, 'Anna', 'Wiśniewski', 5, 'anna_wiśfasdniewski', 'annawiśniewski123'),
(73, 'Anna', 'Kowalczyk', 5, 'anna_kasdfowalczyk', 'annakowalczyk123'),
(74, 'Krzysztof', 'Mazur', 5, 'krzysztof_mazasdfur', 'krzysztofmazur123'),
(75, 'Krzysztof', 'Kamiński', 5, 'krzyszasdftof_kamiński', 'krzysztofkamiński123'),
(76, 'Maria', 'Zieliński', 6, 'mariaasdf_zieliński', 'mariazieliński123'),
(77, 'Maria', 'Krawczyk', 6, 'maria_krafasdfasdwczyk1', 'mariakrawczyk123'),
(78, 'Jan', 'Jankowski', 6, 'jan_janasdfkowski1', 'janjankowski123'),
(79, 'Anna', 'Zieliński', 6, 'anna_zielidfvsński', 'annazieliński123'),
(80, 'Zofia', 'Dąbrowski', 6, 'zofia_dąbrosxcvwski1', 'zofiadąbrowski123'),
(81, 'Tomasz', 'Szymański', 6, 'tomasz_vwerszymański', 'tomaszszymański123'),
(82, 'Krzysztof', 'Wójcik', 6, 'krzysztofvewwrvvr_wójcik', 'krzysztofwójcik123'),
(83, 'Piotr', 'Kowalczyk', 6, 'piotfvevefwevevr_kowalczyk', 'piotrkowalczyk123'),
(84, 'Jan', 'Dąbrowski', 6, 'jan_dąbroczxczczxcwski1', 'jandąbrowski123'),
(85, 'Anna', 'Mazur', 6, 'annzxczcxxczca_mazur', 'annamazur123'),
(86, 'Katarzyna', 'Zieliński', 6, 'katarzccccccyna_zieliński1', 'katarzynazieliński123'),
(87, 'Krzysztof', 'Nowak', 6, 'krzysztof_nccccccccowak', 'krzysztofnowak123'),
(88, 'Piotr', 'Woźniak', 6, 'piotcccccccccr_woźniak', 'piotrwoźniak123'),
(89, 'Agnieszka', 'Kamiński', 6, 'agnieszkacccccc_kamiński', 'agnieszkakamiński123'),
(90, 'Tomasz', 'Krawczyk', 6, 'tomaszccccccc_krawczyk', 'tomaszkrawczyk123'),
(91, 'Michał', 'Szymański', 7, 'michał_szcccccymański', 'michałszymański123'),
(92, 'Piotr', 'Woźniak', 7, 'piotr_woźncccciak1', 'piotrwoźniak123'),
(93, 'Krzysztof', 'Mazur', 7, 'krzyccccsztof_mazur1', 'krzysztofmazur123'),
(94, 'Zofia', 'Kozłowski', 7, 'zofia_kozccccłowski', 'zofiakozłowski123'),
(95, 'Anna', 'Zieliński', 7, 'anna_ccccczieliński1', 'annazieliński123'),
(96, 'Zofia', 'Wójcik', 7, 'zofia_wójccccik', 'zofiawójcik123'),
(97, 'Ewa', 'Krawczyk', 7, 'ewa_krawcccczyk', 'ewakrawczyk123'),
(98, 'Paweł', 'Krawczyk', 7, 'paweł_krccawczyk', 'pawełkrawczyk123'),
(99, 'Joanna', 'Mazur', 7, 'joannacccc_mazur', 'joannamazur123'),
(100, 'Agnieszka', 'Kamiński', 7, 'agniesczka_kamiński1', 'agnieszkakamiński123'),
(101, 'Krzysztof', 'Kowalski', 7, 'krzyscztof_kowalski', 'krzysztofkowalski123'),
(102, 'Tomasz', 'Wiśniewski', 7, 'tomascz_wiśniewski1', 'tomaszwiśniewski123'),
(103, 'Joanna', 'Lewandowski', 7, 'joccanna_lewandowski', 'joannalewandowski123'),
(104, 'Anna', 'Zieliński', 7, 'annccca_zieliński2', 'annazieliński123'),
(105, 'Maria', 'Kowalski', 7, 'mariacccccccccc_kowalski', 'mariakowalski123'),
(106, 'Joanna', 'Szymański', 8, 'joanna_szycccmański', 'joannaszymański123'),
(107, 'Anna', 'Jankowski', 8, 'anna_jankcccowski', 'annajankowski123'),
(108, 'Tomasz', 'Szymański', 8, 'tomasccz_szymańskicccc1', 'tomaszszymański123'),
(109, 'Anna', 'Jankowski', 8, 'anna_jankowski1ccc', 'annajankowski123'),
(110, 'Michał', 'Kowalski', 8, 'michał_kowaccclski', 'michałkowalski123'),
(111, 'Joanna', 'Nowak', 8, 'joanna_nocccccwak1', 'joannanowak123'),
(112, 'Agnieszka', 'Woźniak', 8, 'acccgnieszka_woźniak', 'agnieszkawoźniak123'),
(113, 'Joanna', 'Wiśniewski', 8, 'cjoanna_wiśniewski', 'joannawiśniewski123'),
(114, 'Tomasz', 'Nowak', 8, 'tocccmasz_nowak2', 'tomasznowak123'),
(115, 'Agnieszka', 'Lewandowski', 8, 'agnieszdfsdfsdka_lewandowski', 'agnieszkalewandowski123'),
(116, 'Jan', 'Zieliński', 8, 'jan_zielińssdfski2', 'janzieliński123'),
(117, 'Piotr', 'Szymański', 8, 'piofsdfsdtr_szymański', 'piotrszymański123'),
(118, 'Joanna', 'Jankowski', 8, 'joannsdfsdfa_jankowski', 'joannajankowski123'),
(119, 'Agnieszka', 'Szymański', 8, 'agnieszksdfsfdfa_szymański1', 'agnieszkaszymański123'),
(120, 'Zofia', 'Kowalczyk', 8, 'zofia_sdffsdfkowalczyk', 'zofiakowalczyk123'),
(121, 'Anna', 'Kozłowski', 9, 'anna_kozłofsdfsfwski', 'annakozłowski123'),
(122, 'Maria', 'Kowalczyk', 9, 'mariasdfsdf_kowalczyk1', 'mariakowalczyk123'),
(123, 'Krzysztof', 'Kowalczyk', 9, 'krzysztof_ksdfsdfowalczyk', 'krzysztofkowalczyk123'),
(124, 'Katarzyna', 'Jankowski', 9, 'katarfsdfsdfzyna_jankowski', 'katarzynajankowski123'),
(125, 'Ewa', 'Zieliński', 9, 'ewa_zisdfsdeliński', 'ewazieliński123'),
(126, 'Magdalena', 'Lewandowski', 9, 'magdfsdfsalena_lewandowski1', 'magdalenalewandowski123'),
(127, 'Maria', 'Zieliński', 9, 'maria_zieliński1sfd', 'mariazieliński123'),
(128, 'Joanna', 'Wiśniewski', 9, 'joanna_wiśnsdfiewski1', 'joannawiśniewski123'),
(129, 'Magdalena', 'Wójcik', 9, 'magdalena_wsójcddik1', 'magdalenawójcik123'),
(130, 'Anna', 'Kowalski', 9, 'anna_kodfsdfsdwalski', 'annakowalski123'),
(131, 'Paweł', 'Wiśniewski', 9, 'paweł_wiśnieddwski', 'pawełwiśniewski123'),
(132, 'Tomasz', 'Wójcik', 9, 'tomasz_wóddddddjcik', 'tomaszwójcik123'),
(133, 'Tomasz', 'Woźniak', 9, 'tomasz_woźniak', 'tomaszwoźniak123'),
(134, 'Agnieszka', 'Kowalczyk', 9, 'agdnieszdddddka_kowalczyk', 'agnieszkakowalczyk123'),
(135, 'Joanna', 'Kowalczyk', 9, 'joanna_ddddkowalczyk2', 'joannakowalczyk123'),
(136, 'Piotr', 'Wójcik', 10, 'piotddddddddddr_wójcik', 'pdiotrwójcik123'),
(137, 'Anna', 'Szymański', 10, 'anna_szymańsdddkid', 'annaszymański123'),
(138, 'Marek', 'Krawczyk', 10, 'marek_krawczydk', 'marekkrawczyk123'),
(139, 'Paweł', 'Jankowski', 10, 'paweł_jankodwski', 'pawełjankowski123'),
(140, 'Krzysztof', 'Dąbrowski', 10, 'krzyszdtof_dąbrowski1', 'krzysztofdąbrowski123'),
(141, 'Paweł', 'Szymański', 10, 'paweł_szymański1', 'pawełszymański123'),
(142, 'Marek', 'Wójcik', 10, 'marek_wdddddddójcik', 'marekwójcik123'),
(143, 'Katarzyna', 'Dąbrowski', 10, 'katddddddarzyna_dąbrowski', 'katarzynadąbrowski123'),
(144, 'Marek', 'Dąbrowski', 10, 'maredddk_dąbrowski', 'marekdąbrowski123'),
(145, 'Michał', 'Kowalski', 10, 'michał_ddkowaldski1', 'michałkowalski123'),
(146, 'Jan', 'Mazur', 10, 'jan_mazuddddr1', 'jandmazur123'),
(147, 'Piotr', 'Krawczyk', 10, 'piotr_kddddrawcdzyk', 'piotrkrawczyk123'),
(148, 'Agnieszka', 'Szymański', 10, 'agniedddszka_szymański2', 'agnieszkaszymański123'),
(149, 'Jan', 'Kowalczyk', 10, 'jan_kowalcdzyk1', 'jankowalczyk123'),
(150, 'Maria', 'Wiśniewski', 10, 'maria_wddiśniewski1', 'mariawiśniewski123'),
(151, 'Piotr', 'Wiśniewski', 11, 'piotr_wiśdniewski', 'piotrwiśniewski123'),
(152, 'Ewa', 'Krawczyk', 11, 'ewa_krawczddyk1', 'ewakrawczyk123'),
(153, 'Zofia', 'Kowalczyk', 11, 'zofia_kowalczykd1', 'zofiakowalczyk123'),
(154, 'Katarzyna', 'Dąbrowski', 11, 'katarzyna_ddąbrowski1', 'katarzynadąbrowski123'),
(155, 'Krzysztof', 'Lewandowski', 11, 'krzysztdof_lewandowski', 'krzysztoflewandowski123'),
(156, 'Michał', 'Woźniak', 11, 'michał_woźniadk', 'michałwoźniak123'),
(157, 'Paweł', 'Kowalczyk', 11, 'paweł_kowaldczyk', 'pawełkowalczyk123'),
(158, 'Katarzyna', 'Kowalski', 11, 'katarzydna_kowalski', 'katarzynakowalski123'),
(159, 'Michał', 'Krawczyk', 11, 'michał_krdawczyk', 'michałkrawczyk123'),
(160, 'Jan', 'Jankowski', 11, 'jan_jankowski2', 'janjankowski123'),
(161, 'Michał', 'Lewandowski', 11, 'michadł_lewandowski', 'michałlewandowski123'),
(162, 'Piotr', 'Dąbrowski', 11, 'piotr_asdfdąbrowski', 'piotrdąbrowski123'),
(163, 'Anna', 'Kowalczyk', 11, 'anna_kowasdfalczyk1', 'annakowalczyk123'),
(164, 'Agnieszka', 'Lewandowski', 11, 'agnasdfasieszka_lewandowski1', 'agnieszkalewandowski123'),
(165, 'Tomasz', 'Kozłowski', 11, 'tomasz_kfdsafdozłowski2', 'tomaszkozłowski123'),
(166, 'Michał', 'Wiśniewski', 12, 'michfdsfał_wiśniewski', 'michałwiśniewski123'),
(167, 'Krzysztof', 'Dąbrowski', 12, 'krzasdfqweysztof_dąbrowski2', 'krzysztofdąbrowski123'),
(168, 'Zofia', 'Jankowski', 12, 'zofia_jasdfankowski', 'zofiajankowski123'),
(169, 'Ewa', 'Mazur', 12, 'ewa_asfdmazur', 'ewamazur123'),
(170, 'Krzysztof', 'Jankowski', 12, 'krzysasdfztof_jankowski1', 'krzysztofjankowski123'),
(171, 'Agnieszka', 'Nowak', 12, 'agniessfadzka_nowak1', 'agnieszkanowak123'),
(172, 'Piotr', 'Kamiński', 12, 'piotrasdf_kamiński1', 'piotrkamiński123'),
(173, 'Tomasz', 'Lewandowski', 12, 'tomaasdfsz_lewandowski1', 'tomaszlewandowski123'),
(174, 'Tomasz', 'Mazur', 12, 'tomaszasdf_mazur1', 'tomaszmazur123'),
(175, 'Ewa', 'Wiśniewski', 12, 'ewa_asdfwiśniewski', 'ewawiśniewski123'),
(176, 'Jan', 'Woźniak', 12, 'jan_woasdfźniak', 'janwoźniak123'),
(177, 'Anna', 'Dąbrowski', 12, 'annasdfa_dąbrowski1', 'annadąbrowski123'),
(178, 'Ewa', 'Mazur', 12, 'ewa_masdfazur1', 'ewamazur123'),
(179, 'Piotr', 'Zieliński', 12, 'piotfasdfr_zieliński', 'piotrzieliński123'),
(180, 'Marek', 'Kowalczyk', 12, 'marekfasdf_kowalczyk', 'marekkowalczyk123'),
(181, 'Magdalena', 'Krawczyk', 13, 'magdfasdfalena_krawczyk', 'magdalenakrawczyk123'),
(182, 'Marek', 'Mazur', 13, 'marek_masdfazur', 'marekmazur123'),
(183, 'Agnieszka', 'Krawczyk', 13, 'agniasdfaedszka_krawczyk', 'agnieszkakrawczyk123'),
(184, 'Ewa', 'Krawczyk', 13, 'ewa_krawcasdfasdazdyk2', 'ewakrawczyk123'),
(185, 'Agnieszka', 'Kozłowski', 13, 'agndieszkadd_kozłowski', 'agnieszkakozłowski123'),
(186, 'Ewa', 'Mazur', 13, 'ewa_mazuasdaasdadsdar2', 'ewamazur123'),
(187, 'Paweł', 'Kowalski', 13, 'paweł_kowalskid', 'pawełkowalski123'),
(188, 'Piotr', 'Woźniak', 13, 'piotr_woźniak2d', 'piotrwoźniak123'),
(189, 'Maria', 'Kozłowski', 13, 'maria_kozłodwski', 'mariakozłowski123'),
(190, 'Maria', 'Wiśniewski', 13, 'maria_wiśdniewski2', 'mariawiśniewski123'),
(191, 'Marek', 'Krawczyk', 13, 'marek_krawdczyk1', 'marekkrawczyk123'),
(192, 'Tomasz', 'Kozłowski', 13, 'tomasz_dkozłowski3', 'tomaszkozłowski123'),
(193, 'Paweł', 'Dąbrowski', 13, 'paweł_dddąbrowski', 'pawełdąbrowski123'),
(194, 'Maria', 'Lewandowski', 13, 'maddria_lewandowski1', 'marialewandowski123'),
(195, 'Ewa', 'Wiśniewski', 13, 'edwa_wiśniewski1', 'ewawiśniewski123'),
(196, 'Ewa', 'Szymański', 14, 'ewa_szydddmański', 'ewaszymański123'),
(197, 'Michał', 'Nowak', 14, 'michał_nddowak1', 'dmichałnowak123'),
(198, 'Maria', 'Zieliński', 14, 'maria_zielińsdki2', 'mariazieliński123'),
(199, 'Krzysztof', 'Kozłowski', 14, 'krzysztodf_kozłowski1', 'krzysztofkozłowski123'),
(200, 'Paweł', 'Lewandowski', 14, 'paweł_lewdandowski', 'pawełlewandowski123'),
(201, 'Piotr', 'Kamiński', 14, 'piotr_kamińdski2', 'piotrkamiński123'),
(202, 'Katarzyna', 'Kowalski', 14, 'katarzdyna_kowalski1', 'katarzynakowalski123'),
(203, 'Zofia', 'Kowalczyk', 14, 'zofia_kowalczyk2', 'zofiakowalczyk123'),
(204, 'Jan', 'Woźniak', 14, 'jan_woźnidddddak1', 'janwoźniak123'),
(205, 'Magdalena', 'Wójcik', 14, 'maddgdalena_wójcik2', 'magdalenawójcik123'),
(206, 'Piotr', 'Woźniak', 14, 'piotdr_woźnidak3', 'piotrwoźniak123'),
(207, 'Piotr', 'Kowalski', 14, 'pidotr_kowalski', 'piotrkowalski123'),
(208, 'Agnieszka', 'Mazur', 14, 'agnieszka_mazudr', 'agnieszkamazur123'),
(209, 'Katarzyna', 'Kamiński', 14, 'katarzyna_kamiński', 'katarzynakamiński123'),
(210, 'Maria', 'Kowalski', 14, 'masria_kowalski1', 'mariakowalski123'),
(211, 'Anna', 'Mazur', 15, 'anna_mazur1', 'annamazur123'),
(212, 'Anna', 'Kowalski', 15, 'anna_kowalskssssi1', 'annakowalski123'),
(213, 'Zofia', 'Wójcik', 15, 'zofia_wsójcik1', 'zofiawójcik123'),
(214, 'Agnieszka', 'Jankowski', 15, 'agnieszka_jankowski', 'agnieszkajankowski123'),
(215, 'Paweł', 'Dąbrowski', 15, 'paweł_dąbrowski1', 'pawełdąbrowski123'),
(216, 'Joanna', 'Mazur', 15, 'joanna_asdfasfmazur1', 'joandasfnamazur123'),
(217, 'Krzysztof', 'Kamiński', 15, 'krzysztodff_kafasmiński1', 'krzysztofkamiński123'),
(218, 'Maria', 'Kozłowski', 15, 'maria_kozłofaasdfsdwski1', 'mariakozłowski123'),
(219, 'Zofia', 'Lewandowski', 15, 'zoasdfasdfia_leafwandowski', 'zofialewandowski123'),
(220, 'Michał', 'Mazur', 15, 'michsdfał_mazur', 'michałmazur123'),
(221, 'Zofia', 'Krawczyk', 15, 'dfzofia_krawczyk', 'zofiakrawczyk123'),
(222, 'Ewa', 'Nowak', 15, 'ewaas_nowak', 'ewanowak123'),
(223, 'Paweł', 'Kowalski', 15, 'pawełfasdsfa_kowalski1', 'pawełkowalski123'),
(224, 'Piotr', 'Jankowski', 15, 'piotr_jsanksowskai', 'piotrjankowski123'),
(225, 'Maria', 'Lewandowski', 15, 'maria_lewsandowski2', 'marialewandowski123'),
(226, 'Anna', 'Wójcik', 16, 'anna_wójcik1', 'sasaannawójcik123'),
(227, 'Agnieszka', 'Lewandowski', 16, 'agnieassszka_lewandowski2', 'agnieszkalewandowski123'),
(228, 'Krzysztof', 'Krawczyk', 16, 'krzysztofs_krawczyk', 'krzysztofkrawczyk123'),
(229, 'Agnieszka', 'Kozłowski', 16, 'agniesazka_kozłowski1', 'agnieszkakozłowski123'),
(230, 'Paweł', 'Lewandowski', 16, 'paweł_laewandowski1', 'pawełlewandowski123'),
(231, 'Michał', 'Szymański', 16, 'michał_aszymański1', 'michałszymański123'),
(232, 'Marek', 'Kowalski', 16, 'marek_koawalski', 'marekkowalski123'),
(233, 'Paweł', 'Nowak', 16, 'paweł_nowaaak', 'pawełnowak123'),
(234, 'Katarzyna', 'Woźniak', 16, 'kaatarzyna_woźniak1', 'katarzynawoźniak123'),
(235, 'Anna', 'Kowalski', 16, 'anna_akowalski2', 'annakowalski123'),
(236, 'Anna', 'Lewandowski', 16, 'aanna_lewandowski', 'annalewandowski123'),
(237, 'Joanna', 'Woźniak', 16, 'joaanna_woźniak', 'joannawoźniak123'),
(238, 'Anna', 'Krawczyk', 16, 'anana_krawczyk', 'annakrawczyk123'),
(239, 'Piotr', 'Wiśniewski', 16, 'piotr_wiśniewski1', 'piotrwiśniewski123'),
(240, 'Marek', 'Woźniak', 16, 'marek_woźniaaak', 'marekwoźniak123'),
(241, 'Tomasz', 'Szymański', 17, 'tomasz_szymaaaański2', 'tomaszszymański123'),
(242, 'Magdalena', 'Lewandowski', 17, 'maaaqaagdalena_lewandowski2', 'magdalenalewandowski123'),
(243, 'Ewa', 'Zieliński', 17, 'ewa_zielaiński1', 'ewazieliński123'),
(244, 'Paweł', 'Kamiński', 17, 'paweł_kaamińsaaki1', 'pawełkamiński123'),
(245, 'Michał', 'Mazur', 17, 'michał_mazuar1a', 'michałmazur123'),
(246, 'Magdalena', 'Mazur', 17, 'magdalenaa_mazur', 'magdalenamazur123'),
(247, 'Katarzyna', 'Lewandowski', 17, 'kaaaatarzyna_lewandowski', 'katarzynalewandowski123'),
(248, 'Marek', 'Kowalczyk', 17, 'marek_kowalaczyk1', 'marekkowalczyk123'),
(249, 'Maria', 'Kowalski', 17, 'maria_koawalski2', 'mariakowalski123'),
(250, 'Ewa', 'Kozłowski', 17, 'ewa_kozaałowski', 'ewakozłowski123'),
(251, 'Maria', 'Lewandowski', 17, 'maaria_lewandowski3', 'marialewandowski123'),
(252, 'Marek', 'Zieliński', 17, 'maraek_zieliński1', 'marekzieliński123'),
(253, 'Jan', 'Kamiński', 17, 'jan_kaamiński', 'jankamiński123'),
(254, 'Zofia', 'Kamiński', 17, 'zoafia_kamiński', 'zofiakamiński123'),
(255, 'Tomasz', 'Kamiński', 17, 'tomasz_kamiński', 'tomaszkamiński123');

--
-- Indeksy dla zrzutów tabel
--

--
-- Indeksy dla tabeli `klasy`
--
ALTER TABLE `klasy`
  ADD PRIMARY KEY (`id`),
  ADD KEY `typ_szkoly_id` (`typ_szkoly_id`);

--
-- Indeksy dla tabeli `nauczyciele`
--
ALTER TABLE `nauczyciele`
  ADD PRIMARY KEY (`id`),
  ADD UNIQUE KEY `login` (`login`),
  ADD KEY `id_przedmiotu` (`id_przedmiotu`),
  ADD KEY `id_klasy_wychowawca` (`id_klasy_wychowawca`);

--
-- Indeksy dla tabeli `oceny`
--
ALTER TABLE `oceny`
  ADD PRIMARY KEY (`id`),
  ADD KEY `id_ucznia` (`id_ucznia`),
  ADD KEY `id_przedmiotu` (`id_przedmiotu`),
  ADD KEY `id_nauczyciela` (`id_nauczyciela`);

--
-- Indeksy dla tabeli `plan_lekcji`
--
ALTER TABLE `plan_lekcji`
  ADD PRIMARY KEY (`id`),
  ADD KEY `klasa_id` (`klasa_id`),
  ADD KEY `przedmiot_id` (`przedmiot_id`),
  ADD KEY `sala_id` (`sala_id`);

--
-- Indeksy dla tabeli `przedmioty`
--
ALTER TABLE `przedmioty`
  ADD PRIMARY KEY (`id`);

--
-- Indeksy dla tabeli `sale`
--
ALTER TABLE `sale`
  ADD PRIMARY KEY (`id`);

--
-- Indeksy dla tabeli `typy_szkol`
--
ALTER TABLE `typy_szkol`
  ADD PRIMARY KEY (`id`);

--
-- Indeksy dla tabeli `uczniowie`
--
ALTER TABLE `uczniowie`
  ADD PRIMARY KEY (`id`),
  ADD UNIQUE KEY `login` (`login`),
  ADD KEY `id_klasy` (`id_klasy`);

--
-- AUTO_INCREMENT dla zrzuconych tabel
--

--
-- AUTO_INCREMENT dla tabeli `klasy`
--
ALTER TABLE `klasy`
  MODIFY `id` int(11) NOT NULL AUTO_INCREMENT, AUTO_INCREMENT=19;

--
-- AUTO_INCREMENT dla tabeli `nauczyciele`
--
ALTER TABLE `nauczyciele`
  MODIFY `id` int(11) NOT NULL AUTO_INCREMENT, AUTO_INCREMENT=46;

--
-- AUTO_INCREMENT dla tabeli `oceny`
--
ALTER TABLE `oceny`
  MODIFY `id` int(11) NOT NULL AUTO_INCREMENT, AUTO_INCREMENT=252;

--
-- AUTO_INCREMENT dla tabeli `plan_lekcji`
--
ALTER TABLE `plan_lekcji`
  MODIFY `id` int(11) NOT NULL AUTO_INCREMENT, AUTO_INCREMENT=645;

--
-- AUTO_INCREMENT dla tabeli `przedmioty`
--
ALTER TABLE `przedmioty`
  MODIFY `id` int(11) NOT NULL AUTO_INCREMENT, AUTO_INCREMENT=30;

--
-- AUTO_INCREMENT dla tabeli `sale`
--
ALTER TABLE `sale`
  MODIFY `id` int(11) NOT NULL AUTO_INCREMENT, AUTO_INCREMENT=56;

--
-- AUTO_INCREMENT dla tabeli `typy_szkol`
--
ALTER TABLE `typy_szkol`
  MODIFY `id` int(11) NOT NULL AUTO_INCREMENT, AUTO_INCREMENT=5;

--
-- AUTO_INCREMENT dla tabeli `uczniowie`
--
ALTER TABLE `uczniowie`
  MODIFY `id` int(11) NOT NULL AUTO_INCREMENT, AUTO_INCREMENT=258;

--
-- Ograniczenia dla zrzutów tabel
--

--
-- Ograniczenia dla tabeli `klasy`
--
ALTER TABLE `klasy`
  ADD CONSTRAINT `klasy_ibfk_1` FOREIGN KEY (`typ_szkoly_id`) REFERENCES `typy_szkol` (`id`);

--
-- Ograniczenia dla tabeli `nauczyciele`
--
ALTER TABLE `nauczyciele`
  ADD CONSTRAINT `nauczyciele_ibfk_1` FOREIGN KEY (`id_przedmiotu`) REFERENCES `przedmioty` (`id`),
  ADD CONSTRAINT `nauczyciele_ibfk_2` FOREIGN KEY (`id_klasy_wychowawca`) REFERENCES `klasy` (`id`);

--
-- Ograniczenia dla tabeli `oceny`
--
ALTER TABLE `oceny`
  ADD CONSTRAINT `oceny_ibfk_1` FOREIGN KEY (`id_ucznia`) REFERENCES `uczniowie` (`id`),
  ADD CONSTRAINT `oceny_ibfk_2` FOREIGN KEY (`id_przedmiotu`) REFERENCES `przedmioty` (`id`),
  ADD CONSTRAINT `oceny_ibfk_3` FOREIGN KEY (`id_nauczyciela`) REFERENCES `nauczyciele` (`id`);

--
-- Ograniczenia dla tabeli `plan_lekcji`
--
ALTER TABLE `plan_lekcji`
  ADD CONSTRAINT `plan_lekcji_ibfk_1` FOREIGN KEY (`klasa_id`) REFERENCES `klasy` (`id`),
  ADD CONSTRAINT `plan_lekcji_ibfk_2` FOREIGN KEY (`przedmiot_id`) REFERENCES `przedmioty` (`id`),
  ADD CONSTRAINT `plan_lekcji_ibfk_3` FOREIGN KEY (`sala_id`) REFERENCES `sale` (`id`);

--
-- Ograniczenia dla tabeli `uczniowie`
--
ALTER TABLE `uczniowie`
  ADD CONSTRAINT `uczniowie_ibfk_1` FOREIGN KEY (`id_klasy`) REFERENCES `klasy` (`id`);
COMMIT;

/*!40101 SET CHARACTER_SET_CLIENT=@OLD_CHARACTER_SET_CLIENT */;
/*!40101 SET CHARACTER_SET_RESULTS=@OLD_CHARACTER_SET_RESULTS */;
/*!40101 SET COLLATION_CONNECTION=@OLD_COLLATION_CONNECTION */;
